0 0 135
0 1 88
0 4 70
0 5 89
0 6 89
0 7 65
0 10 49
0 11 33
0 12 84
0 13 59
0 14 115
0 15 120
0 17 151
0 19 77
0 20 86
0 21 184
0 22 69
0 23 80
0 26 61
0 28 83
0 29 80
0 30 113
0 31 81
0 32 89
0 34 50
0 35 61
0 36 155
0 37 150
0 38 50
0 40 135
0 41 154
0 42 90
0 43 44
0 44 104
0 45 103
0 48 40
0 49 82
0 50 58
0 51 57
0 52 201
0 53 115
0 54 74
0 55 53
0 56 59
0 58 69
0 59 26
0 60 51
0 61 37
0 62 64
0 63 49
0 64 72
0 65 53
0 66 118
0 68 83
0 69 23
0 70 141
0 72 52
0 74 67
0 75 163
0 77 63
0 80 105
0 81 148
0 82 24
0 83 91
0 84 45
0 87 31
0 88 40
0 89 84
0 90 61
0 92 96
0 93 67
0 94 35
0 95 25
0 97 57
0 98 83
0 99 62
0 100 162
0 101 134
0 102 26
0 103 119
0 104 30
0 105 78
0 106 43
0 108 70
0 109 93
0 111 64
0 112 105
0 114 149
0 116 183
0 118 32
0 119 121
0 120 331
0 121 83
0 122 133
0 123 112
0 125 89
0 126 85
0 127 106
0 128 79
0 129 74
0 130 76
0 131 69
0 132 33
0 134 40
0 136 80
0 137 143
0 138 38
0 139 98
0 140 59
0 141 70
0 142 67
0 144 59
0 145 88
0 146 114
0 147 116
0 148 270
0 150 220
0 151 73
0 153 55
0 154 43
0 155 74
0 157 100
0 158 56
0 159 103
0 160 74
0 161 78
0 162 60
0 165 73
0 166 34
0 167 31
0 168 62
0 169 54
0 171 156
0 172 108
0 174 55
0 175 60
0 177 298
0 181 98
0 182 78
0 183 40
0 184 51
0 187 55
0 188 250
0 189 64
0 190 104
0 191 172
0 192 305
0 194 66
0 195 53
0 196 61
0 198 141
0 199 78
0 200 59
0 201 105
0 202 76
0 204 76
0 205 117
0 206 115
0 207 95
0 209 104
0 212 39
0 213 93
0 214 48
0 215 36
0 216 27
0 217 108
0 218 222
0 220 86
0 221 52
0 223 108
0 225 146
0 227 123
0 228 66
0 229 108
0 230 34
0 231 80
0 232 80
0 233 167
0 236 122
0 237 75
0 239 76
0 240 58
0 242 56
0 244 82
0 245 101
0 246 30
0 247 47
0 248 100
0 249 36
0 250 119
0 251 48
0 252 182
0 253 46
0 254 43
0 255 59
0 256 33
0 258 108
0 259 58
0 260 241
0 261 44
0 262 163
0 263 40
0 264 83
0 265 37
0 266 142
0 267 73
0 268 29
0 270 59
0 271 102
0 272 57
0 273 61
0 274 137
0 275 341
0 277 54
0 278 34
0 279 49
0 280 88
0 283 159
0 287 87
0 288 30
0 290 72
0 291 20
0 292 78
0 296 42
0 298 94
0 299 101
0 300 48
0 302 46
0 303 103
0 304 67
0 305 113
0 306 187
0 307 79
0 308 84
0 309 186
0 312 207
0 313 110
0 314 111
0 315 36
0 316 66
0 317 223
0 318 68
0 319 212
0 323 144
0 324 117
0 325 75
0 326 123
0 327 112
0 328 74
0 330 48
0 331 51
0 333 40
0 334 62
0 336 70
0 337 29
0 338 108
0 339 289
0 342 43
0 344 69
0 345 104
0 346 35
0 348 138
0 350 39
0 351 84
0 353 70
0 354 64
0 355 52
0 357 239
0 359 50
0 360 106
0 363 40
0 364 49
0 365 103
0 366 120
0 367 37
0 369 43
0 370 174
0 371 41
0 372 134
0 373 65
0 374 45
0 375 53
0 376 77
0 377 47
0 378 618
0 379 39
0 380 61
0 382 133
0 384 90
0 385 158
0 386 100
0 388 71
0 389 71
0 390 145
0 391 106
0 393 80
0 394 163
0 395 102
0 396 129
0 397 21
0 400 54
0 402 63
0 404 43
0 405 340
0 406 90
0 407 49
0 408 121
0 409 59
0 410 65
0 411 134
0 412 73
0 416 37
0 417 66
0 418 56
0 419 108
0 420 131
0 422 27
0 425 107
0 426 182
0 429 45
0 430 130
0 432 17
0 434 93
0 435 35
0 436 64
0 437 100
0 438 105
0 439 71
0 440 151
0 442 58
0 443 93
0 444 212
0 445 37
0 446 75
0 447 113
0 448 48
0 449 42
0 450 127
0 451 69
0 452 53
0 453 205
0 454 118
0 455 75
0 456 56
0 457 102
0 459 57
0 460 75
0 461 62
0 462 71
0 463 160
0 465 59
0 466 116
0 467 102
0 468 153
0 471 73
0 472 61
0 474 257
0 475 68
0 476 133
0 477 52
0 478 214
0 479 134
0 480 140
0 482 104
0 485 76
0 487 78
0 488 77
0 490 14
0 491 109
0 493 321
0 494 56
0 495 86
0 496 144
0 497 73
0 498 24
0 500 69
0 501 176
0 502 33
0 503 114
0 504 35
0 505 67
0 506 69
0 510 84
0 511 61
1 0 94
1 2 102
1 3 270
1 4 28
1 6 120
1 7 31
1 9 49
1 10 33
1 11 68
1 12 15
1 14 347
1 15 161
1 16 193
1 17 177
1 19 74
1 21 42
1 22 45
1 23 93
1 24 82
1 25 68
1 27 36
1 28 144
1 29 102
1 30 230
1 31 72
1 32 96
1 34 207
1 35 15
1 36 73
1 37 51
1 38 195
1 40 68
1 41 42
1 42 964
1 46 90
1 48 166
1 49 8
1 50 95
1 51 321
1 52 44
1 53 22
1 55 24
1 56 3
1 58 67
1 59 138
1 60 77
1 63 69
1 65 34
1 66 11
1 67 144
1 68 39
1 69 74
1 72 66
1 73 263
1 74 43
1 75 34
1 76 106
1 77 86
1 78 262
1 79 48
1 80 78
1 82 54
1 83 36
1 84 101
1 85 53
1 86 62
1 89 184
1 91 96
1 92 108
1 94 12
1 95 243
1 98 51
1 99 67
1 100 8
1 101 33
1 102 115
1 103 74
1 104 37
1 105 1034
1 107 36
1 108 69
1 110 135
1 111 16
1 112 52
1 113 34
1 116 108
1 117 110
1 118 66
1 119 74
1 120 114
1 122 52
1 123 58
1 124 103
1 125 563
1 127 9
1 128 120
1 130 44
1 131 53
1 132 83
1 133 39
1 136 585
1 137 203
1 139 31
1 140 31
1 141 200
1 142 67
1 143 121
1 144 24
1 147 16
1 149 120
1 150 60
1 151 35
1 153 65
1 154 23
1 156 90
1 157 16
1 158 21
1 159 22
1 160 83
1 161 22
1 163 32
1 164 127
1 165 79
1 166 116
1 167 60
1 168 11
1 169 89
1 170 242
1 171 33
1 172 13
1 173 484
1 174 73
1 175 107
1 176 20
1 177 31
1 180 47
1 181 80
1 182 138
1 183 60
1 184 75
1 185 105
1 186 74
1 187 490
1 188 323
1 189 68
1 190 117
1 191 74
1 192 77
1 193 300
1 194 796
1 195 74
1 196 14
1 197 9
1 201 45
1 202 124
1 203 259
1 204 41
1 205 160
1 206 44
1 207 131
1 210 78
1 211 32
1 212 177
1 213 343
1 215 40
1 218 43
1 220 81
1 222 136
1 225 47
1 226 39
1 228 153
1 229 128
1 231 33
1 232 11
1 233 27
1 234 75
1 235 77
1 236 167
1 237 33
1 238 66
1 239 39
1 240 30
1 242 60
1 243 65
1 244 51
1 245 119
1 246 124
1 247 110
1 248 14
1 249 27
1 250 75
1 251 46
1 252 86
1 253 90
1 254 90
1 255 181
1 256 80
1 257 69
1 259 86
1 260 14
1 263 45
1 264 60
1 265 21
1 268 42
1 269 119
1 270 36
1 273 99
1 274 113
1 275 33
1 276 140
1 277 179
1 279 95
1 281 25
1 283 34
1 284 108
1 285 104
1 286 35
1 289 22
1 290 34
1 291 19
1 292 44
1 293 73
1 294 60
1 295 203
1 296 87
1 297 56
1 298 62
1 299 62
1 301 311
1 302 9
1 305 78
1 306 17
1 307 8
1 308 61
1 309 63
1 310 33
1 311 74
1 312 145
1 313 63
1 315 70
1 316 28
1 317 28
1 319 21
1 320 167
1 321 41
1 322 52
1 323 144
1 324 42
1 325 51
1 326 135
1 327 50
1 329 66
1 330 84
1 331 92
1 332 63
1 335 36
1 337 7
1 338 108
1 339 54
1 340 86
1 342 82
1 343 132
1 345 114
1 346 47
1 348 78
1 349 25
1 350 115
1 351 20
1 352 18
1 353 120
1 354 81
1 357 88
1 359 62
1 360 8
1 361 59
1 363 17
1 364 77
1 365 7
1 366 110
1 367 84
1 368 43
1 369 91
1 370 129
1 371 138
1 372 80
1 374 53
1 375 63
1 378 147
1 379 22
1 380 139
1 381 140
1 382 92
1 383 56
1 384 13
1 385 57
1 386 54
1 387 35
1 389 62
1 390 16
1 391 127
1 393 311
1 394 115
1 396 48
1 397 135
1 398 67
1 399 43
1 401 80
1 402 34
1 403 52
1 404 79
1 406 67
1 407 26
1 408 17
1 410 25
1 411 81
1 412 45
1 416 118
1 417 55
1 418 38
1 419 54
1 421 35
1 422 464
1 423 61
1 424 69
1 426 138
1 429 84
1 430 59
1 432 314
1 433 34
1 434 81
1 437 168
1 438 47
1 440 111
1 442 31
1 443 72
1 445 173
1 448 104
1 449 78
1 450 158
1 451 63
1 452 56
1 453 373
1 454 123
1 455 21
1 457 64
1 458 12
1 459 448
1 460 52
1 462 381
1 463 38
1 464 59
1 465 81
1 466 121
1 468 24
1 470 56
1 472 78
1 473 61
1 475 71
1 476 12
1 477 198
1 478 386
1 480 124
1 481 40
1 482 117
1 485 635
1 486 20
1 487 29
1 490 528
1 491 87
1 492 141
1 494 52
1 495 58
1 496 52
1 497 86
1 498 45
1 499 115
1 500 85
1 502 63
1 503 54
1 504 98
1 506 7
1 508 51
1 509 39
1 510 14
2 0 301
2 1 240
2 2 146
2 3 205
2 5 21
2 6 163
2 8 92
2 10 25
2 12 34
2 13 30
2 14 92
2 15 36
2 17 139
2 19 92
2 20 51
2 23 67
2 24 94
2 25 38
2 26 99
2 27 71
2 28 132
2 30 155
2 31 57
2 33 100
2 35 51
2 39 62
2 42 33
2 44 153
2 45 110
2 46 125
2 48 74
2 49 73
2 50 55
2 53 150
2 55 30
2 56 28
2 57 59
2 58 72
2 60 125
2 61 63
2 63 40
2 64 56
2 65 96
2 66 65
2 67 130
2 69 77
2 70 104
2 71 22
2 72 123
2 73 71
2 74 63
2 75 402
2 76 65
2 77 55
2 78 327
2 79 67
2 80 275
2 81 79
2 82 293
2 83 168
2 85 21
2 86 165
2 87 33
2 88 68
2 90 38
2 91 138
2 93 41
2 94 82
2 95 131
2 96 121
2 97 97
2 99 66
2 100 69
2 101 62
2 102 86
2 103 78
2 104 126
2 105 85
2 106 203
2 108 133
2 109 88
2 110 31
2 111 93
2 112 120
2 113 58
2 114 56
2 116 49
2 117 69
2 118 142
2 119 68
2 121 101
2 123 39
2 124 45
2 126 181
2 127 148
2 129 70
2 131 227
2 132 71
2 133 121
2 136 126
2 137 94
2 139 76
2 140 136
2 141 145
2 143 182
2 145 201
2 146 225
2 147 67
2 148 178
2 149 92
2 150 140
2 152 39
2 153 78
2 154 57
2 157 20
2 158 49
2 160 45
2 161 83
2 162 45
2 163 137
2 164 68
2 167 44
2 168 85
2 170 85
2 171 38
2 176 59
2 177 537
2 178 117
2 179 44
2 180 23
2 181 55
2 183 102
2 184 23
2 186 65
2 187 51
2 188 96
2 189 47
2 193 208
2 194 53
2 196 43
2 198 183
2 201 27
2 202 94
2 203 110
2 204 22
2 205 100
2 206 68
2 207 94
2 208 95
2 209 56
2 210 213
2 212 37
2 213 46
2 214 131
2 215 78
2 217 72
2 218 36
2 219 119
2 220 105
2 221 78
2 222 107
2 223 60
2 224 42
2 226 49
2 227 91
2 228 90
2 230 75
2 234 102
2 235 47
2 236 177
2 237 52
2 238 92
2 239 36
2 240 95
2 242 73
2 244 30
2 245 127
2 246 44
2 247 86
2 249 115
2 250 85
2 251 154
2 252 211
2 253 60
2 254 93
2 255 33
2 256 151
2 258 60
2 259 88
2 260 47
2 261 44
2 262 44
2 264 28
2 265 88
2 267 47
2 268 243
2 269 46
2 271 253
2 272 98
2 273 73
2 274 104
2 275 37
2 276 59
2 277 99
2 278 52
2 279 50
2 280 102
2 282 81
2 283 69
2 285 102
2 287 85
2 288 104
2 289 39
2 290 56
2 292 85
2 293 50
2 294 78
2 296 105
2 297 161
2 298 168
2 299 58
2 301 173
2 302 77
2 305 82
2 306 60
2 307 71
2 308 178
2 309 140
2 310 89
2 311 138
2 312 86
2 317 61
2 318 56
2 319 35
2 320 43
2 321 251
2 322 28
2 324 36
2 325 191
2 326 24
2 327 52
2 329 55
2 330 123
2 331 102
2 333 30
2 335 89
2 336 32
2 338 75
2 339 162
2 340 90
2 341 87
2 342 44
2 345 84
2 347 63
2 349 36
2 350 70
2 351 110
2 353 35
2 354 82
2 355 60
2 357 90
2 358 58
2 359 225
2 360 67
2 361 86
2 362 117
2 364 84
2 365 255
2 366 44
2 367 63
2 368 29
2 369 231
2 370 91
2 371 65
2 372 228
2 373 83
2 374 84
2 375 73
2 376 49
2 377 39
2 378 115
2 379 64
2 380 29
2 381 29
2 382 43
2 383 93
2 384 53
2 385 73
2 387 61
2 388 39
2 390 35
2 391 51
2 392 67
2 394 191
2 395 44
2 396 174
2 398 52
2 399 96
2 400 21
2 402 106
2 404 101
2 405 41
2 406 29
2 407 124
2 409 70
2 411 85
2 412 54
2 414 92
2 415 113
2 416 78
2 417 74
2 418 97
2 419 156
2 420 94
2 421 102
2 423 268
2 424 53
2 426 51
2 427 32
2 428 32
2 430 73
2 431 75
2 433 44
2 434 47
2 435 87
2 436 138
2 437 121
2 439 106
2 440 53
2 441 30
2 442 96
2 443 277
2 445 113
2 447 93
2 449 134
2 450 99
2 451 44
2 452 43
2 453 141
2 454 64
2 455 139
2 456 67
2 459 147
2 460 75
2 461 89
2 462 139
2 463 151
2 464 74
2 465 38
2 466 96
2 467 167
2 469 77
2 471 54
2 472 141
2 473 165
2 474 25
2 475 146
2 476 145
2 477 133
2 478 23
2 479 41
2 481 116
2 482 98
2 483 38
2 486 248
2 487 141
2 488 72
2 489 77
2 490 52
2 491 67
2 492 118
2 495 33
2 497 13
2 499 68
2 501 135
2 502 100
2 503 42
2 505 107
2 506 61
2 507 135
2 508 23
2 509 81
2 510 36
2 511 118
3 0 79
3 1 29
3 2 57
3 3 23
3 4 57
3 5 215
3 7 146
3 8 203
3 9 71
3 11 42
3 13 11
3 14 5
3 15 90
3 16 235
3 17 161
3 18 152
3 19 403
3 20 282
3 21 11
3 22 143
3 23 2
3 24 10
3 25 47
3 26 24
3 29 15
3 30 11
3 31 513
3 32 144
3 33 39
3 34 43
3 35 93
3 37 22
3 38 19
3 39 31
3 40 355
3 41 899
3 42 48
3 43 6
3 44 540
3 45 16
3 46 3
3 48 117
3 49 157
3 50 173
3 51 67
3 52 4
3 53 33
3 54 154
3 55 6
3 56 116
3 57 15
3 58 7
3 59 16
3 60 21
3 64 120
3 65 2
3 66 250
3 67 72
3 68 54
3 69 196
3 71 63
3 74 25
3 76 523
3 77 134
3 78 7
3 79 1
3 80 19
3 81 243
3 82 50
3 83 16
3 84 38
3 85 32
3 86 19
3 87 173
3 89 97
3 91 80
3 92 23
3 93 163
3 94 129
3 96 61
3 97 7
3 98 207
3 100 16
3 101 171
3 102 4
3 103 73
3 104 45
3 105 2
3 106 144
3 108 4
3 110 25
3 112 10
3 114 5
3 116 29
3 118 14
3 119 14
3 121 131
3 122 209
3 124 479
3 125 4
3 126 4
3 127 11
3 129 109
3 130 22
3 131 84
3 133 8
3 134 23
3 135 107
3 136 1091
3 137 100
3 138 14
3 139 14
3 140 85
3 142 10
3 143 39
3 144 595
3 145 3
3 146 181
3 148 176
3 149 12
3 150 338
3 151 63
3 152 178
3 153 100
3 155 37
3 158 3
3 159 12
3 160 330
3 161 3
3 162 80
3 163 49
3 164 41
3 166 251
3 167 23
3 168 19
3 170 64
3 171 9
3 172 15
3 173 14
3 174 37
3 175 802
3 176 51
3 177 51
3 178 14
3 179 2
3 180 1
3 181 21
3 185 196
3 186 6
3 187 47
3 188 9
3 189 5
3 190 79
3 194 30
3 198 31
3 199 15
3 201 39
3 202 147
3 203 32
3 204 79
3 205 69
3 208 117
3 209 9
3 210 135
3 211 10
3 212 78
3 213 25
3 215 67
3 216 4
3 217 15
3 219 5
3 220 61
3 223 14
3 224 523
3 225 840
3 226 73
3 227 2
3 232 24
3 233 3
3 234 19
3 235 20
3 236 34
3 238 22
3 239 69
3 240 251
3 242 248
3 243 24
3 245 32
3 246 40
3 248 5
3 249 40
3 250 89
3 251 14
3 254 249
3 255 6
3 256 59
3 257 3
3 258 29
3 259 4
3 260 202
3 261 15
3 262 66
3 263 23
3 264 7
3 265 13
3 266 35
3 267 34
3 268 100
3 269 118
3 270 33
3 276 14
3 279 21
3 280 416
3 282 121
3 283 12
3 287 48
3 289 123
3 290 36
3 291 28
3 292 144
3 294 3
3 295 42
3 296 66
3 297 186
3 298 3
3 299 27
3 300 298
3 301 64
3 302 32
3 303 199
3 304 54
3 306 7
3 307 52
3 308 9
3 309 36
3 310 201
3 312 69
3 313 11
3 314 8
3 315 14
3 316 30
3 318 327
3 321 38
3 322 4
3 323 32
3 324 18
3 325 15
3 327 10
3 328 10
3 334 37
3 335 30
3 336 3
3 337 78
3 338 289
3 340 3
3 342 60
3 343 95
3 344 977
3 345 292
3 347 313
3 348 7
3 349 482
3 350 65
3 353 26
3 354 44
3 355 83
3 356 71
3 357 8
3 358 6
3 359 21
3 365 32
3 366 6
3 367 14
3 368 103
3 369 56
3 370 11
3 371 6
3 373 10
3 374 149
3 376 71
3 377 9
3 378 4
3 379 12
3 380 61
3 381 18
3 382 14
3 384 9
3 385 56
3 387 20
3 388 94
3 389 153
3 390 818
3 391 897
3 392 5
3 396 6
3 397 82
3 398 63
3 399 14
3 400 65
3 402 14
3 403 67
3 404 37
3 405 25
3 406 70
3 407 47
3 408 131
3 409 384
3 410 6
3 411 366
3 412 39
3 413 22
3 414 7
3 415 6
3 416 553
3 417 38
3 419 162
3 420 16
3 421 4
3 422 66
3 423 33
3 424 2
3 425 30
3 426 37
3 427 1
3 428 4
3 430 188
3 431 13
3 433 49
3 434 28
3 435 9
3 436 129
3 438 639
3 439 7
3 440 405
3 441 7
3 443 4
3 445 204
3 446 5
3 447 16
3 449 4
3 450 270
3 451 44
3 453 10
3 454 232
3 455 32
3 457 72
3 458 27
3 459 191
3 460 67
3 461 48
3 466 58
3 468 13
3 470 101
3 472 104
3 473 30
3 474 998
3 475 169
3 476 13
3 478 201
3 479 13
3 480 3
3 481 11
3 482 4
3 483 14
3 484 9
3 485 50
3 487 146
3 489 9
3 490 60
3 492 25
3 493 101
3 494 235
3 496 54
3 498 13
3 499 259
3 500 97
3 501 210
3 502 713
3 503 49
3 506 9
3 507 132
3 508 77
3 509 37
3 511 9
4 0 288
4 2 71
4 4 207
4 5 4
4 7 4
4 9 34
4 11 97
4 13 434
4 15 18
4 17 190
4 19 471
4 20 18
4 21 5
4 22 3
4 23 22
4 24 32
4 25 618
4 26 82
4 27 22
4 30 127
4 31 17
4 32 11
4 33 56
4 34 8
4 35 65
4 36 380
4 38 131
4 39 10
4 40 411
4 42 105
4 43 18
4 44 17
4 45 26
4 46 14
4 47 28
4 48 37
4 50 7
4 51 89
4 52 10
4 53 96
4 54 2
4 55 105
4 56 1156
4 57 2
4 58 32
4 59 527
4 60 3
4 61 58
4 62 7
4 63 3
4 64 400
4 65 235
4 66 8
4 68 134
4 69 253
4 70 12
4 71 789
4 72 2
4 73 46
4 74 28
4 75 111
4 76 25
4 77 76
4 78 27
4 80 14
4 82 11
4 85 16
4 86 44
4 87 20
4 88 5
4 90 83
4 93 4
4 94 13
4 96 71
4 97 25
4 98 119
4 99 24
4 100 4
4 102 136
4 103 55
4 104 9
4 105 172
4 106 55
4 108 56
4 109 75
4 110 164
4 111 237
4 112 333
4 115 52
4 116 74
4 118 21
4 120 146
4 122 765
4 123 69
4 124 15
4 125 3
4 126 45
4 128 58
4 129 119
4 130 23
4 131 227
4 132 11
4 134 79
4 137 3
4 138 3
4 139 3
4 140 246
4 141 28
4 142 245
4 143 111
4 144 62
4 145 36
4 146 62
4 147 42
4 149 154
4 150 17
4 152 171
4 153 49
4 154 369
4 155 26
4 157 24
4 158 84
4 159 8
4 160 62
4 161 305
4 162 4
4 163 20
4 165 1034
4 166 41
4 168 56
4 169 94
4 171 375
4 172 165
4 173 28
4 174 418
4 175 110
4 176 60
4 178 34
4 179 1
4 180 117
4 181 26
4 183 3
4 184 599
4 185 23
4 186 62
4 187 100
4 188 40
4 189 18
4 190 19
4 191 79
4 192 22
4 193 136
4 196 20
4 197 9
4 199 19
4 201 56
4 203 59
4 204 108
4 207 103
4 210 94
4 211 13
4 213 3
4 214 101
4 216 6
4 217 85
4 218 30
4 222 66
4 223 11
4 225 22
4 226 350
4 227 4
4 228 198
4 229 3
4 230 37
4 231 955
4 232 44
4 233 723
4 234 46
4 235 2
4 237 6
4 239 7
4 240 153
4 241 27
4 242 77
4 245 358
4 246 343
4 247 76
4 248 26
4 249 70
4 251 268
4 252 3
4 253 3
4 254 871
4 255 151
4 256 32
4 257 35
4 258 74
4 259 14
4 263 4
4 264 285
4 265 83
4 266 4
4 268 111
4 270 583
4 274 5
4 275 2
4 276 122
4 277 75
4 278 67
4 279 25
4 280 49
4 281 33
4 282 6
4 283 28
4 285 24
4 286 44
4 288 3
4 290 150
4 292 40
4 293 12
4 294 147
4 295 7
4 297 80
4 298 3
4 299 76
4 300 82
4 302 72
4 303 62
4 304 62
4 307 194
4 308 485
4 309 239
4 311 80
4 314 72
4 315 78
4 316 209
4 318 559
4 320 8
4 321 15
4 322 162
4 324 73
4 325 20
4 327 5
4 328 132
4 329 3
4 330 42
4 332 5
4 335 10
4 336 93
4 338 18
4 339 28
4 340 9
4 342 5
4 344 31
4 345 23
4 347 47
4 348 5
4 349 47
4 350 86
4 351 53
4 352 10
4 354 75
4 355 148
4 356 188
4 357 91
4 358 8
4 360 36
4 361 153
4 362 5
4 363 39
4 365 54
4 367 27
4 368 82
4 370 233
4 371 86
4 372 110
4 373 7
4 374 82
4 376 55
4 378 100
4 379 79
4 380 235
4 382 44
4 383 4
4 384 2
4 385 121
4 386 72
4 387 304
4 388 7
4 389 57
4 390 43
4 391 41
4 392 204
4 393 4
4 396 258
4 397 3
4 398 11
4 399 17
4 400 1
4 403 124
4 404 112
4 405 139
4 406 4
4 407 80
4 409 18
4 410 45
4 411 52
4 412 13
4 413 562
4 414 22
4 415 30
4 416 27
4 417 163
4 418 16
4 419 46
4 420 8
4 421 113
4 424 58
4 425 4
4 426 9
4 427 22
4 429 61
4 430 244
4 431 81
4 432 30
4 434 2
4 435 29
4 437 2
4 438 90
4 439 15
4 441 49
4 442 31
4 443 41
4 444 14
4 445 4
4 447 84
4 449 173
4 451 33
4 452 176
4 453 22
4 454 18
4 455 29
4 456 2
4 458 38
4 459 13
4 460 75
4 461 67
4 463 24
4 464 130
4 466 513
4 468 73
4 469 44
4 470 33
4 471 27
4 474 101
4 475 101
4 476 7
4 477 70
4 478 54
4 479 158
4 480 247
4 481 27
4 482 3
4 483 242
4 484 6
4 486 39
4 487 86
4 489 7
4 490 89
4 492 27
4 493 137
4 494 35
4 499 67
4 500 41
4 501 17
4 502 62
4 503 17
4 504 98
4 505 3
4 507 10
4 508 7
4 509 177
4 510 450
4 511 42
5 2 70
5 3 6
5 4 100
5 5 73
5 6 7
5 7 98
5 9 27
5 10 117
5 11 20
5 12 83
5 15 190
5 16 126
5 18 75
5 19 6
5 21 130
5 22 378
5 24 36
5 25 118
5 26 1
5 27 88
5 28 20
5 29 85
5 31 63
5 34 68
5 35 14
5 36 142
5 37 229
5 38 117
5 41 17
5 43 83
5 44 102
5 46 52
5 47 74
5 48 65
5 50 17
5 53 24
5 54 113
5 55 27
5 57 201
5 58 55
5 59 63
5 61 8
5 63 32
5 64 19
5 65 33
5 66 170
5 67 214
5 68 177
5 70 24
5 71 4
5 72 40
5 73 297
5 74 82
5 75 257
5 77 8
5 79 88
5 81 11
5 82 12
5 84 40
5 86 7
5 87 49
5 88 444
5 89 308
5 90 85
5 91 25
5 92 30
5 95 135
5 98 48
5 99 12
5 100 93
5 101 56
5 102 27
5 106 10
5 107 21
5 108 30
5 109 67
5 111 86
5 113 16
5 114 36
5 115 485
5 116 19
5 117 303
5 120 7
5 121 132
5 122 89
5 123 94
5 124 87
5 125 77
5 126 15
5 127 9
5 129 115
5 131 346
5 132 5
5 133 97
5 136 10
5 137 232
5 138 43
5 140 193
5 142 14
5 144 35
5 145 81
5 147 623
5 148 124
5 149 30
5 151 289
5 154 9
5 155 29
5 156 130
5 157 22
5 158 125
5 159 70
5 161 43
5 162 123
5 163 131
5 164 9
5 165 7
5 166 13
5 167 31
5 168 68
5 169 117
5 170 3
5 171 177
5 172 48
5 173 56
5 174 33
5 175 45
5 176 81
5 177 114
5 178 253
5 180 706
5 181 77
5 183 64
5 184 6
5 185 61
5 186 150
5 188 11
5 189 215
5 190 267
5 191 14
5 192 58
5 193 6
5 194 73
5 195 15
5 198 51
5 199 12
5 200 59
5 201 81
5 203 88
5 204 70
5 205 197
5 207 67
5 208 10
5 209 19
5 210 46
5 211 29
5 212 68
5 213 185
5 214 93
5 215 238
5 216 13
5 217 38
5 219 62
5 220 66
5 221 55
5 222 10
5 224 3
5 226 76
5 227 99
5 229 73
5 230 83
5 231 70
5 232 13
5 233 82
5 234 51
5 236 118
5 238 25
5 239 102
5 240 89
5 242 51
5 246 341
5 249 81
5 250 82
5 251 8
5 253 162
5 254 31
5 255 141
5 256 91
5 257 42
5 258 288
5 259 50
5 261 127
5 262 9
5 263 10
5 264 17
5 265 193
5 266 61
5 267 77
5 268 288
5 269 127
5 270 49
5 272 87
5 273 142
5 274 110
5 275 170
5 276 63
5 277 67
5 278 17
5 279 64
5 280 81
5 281 41
5 282 202
5 283 62
5 285 162
5 289 138
5 290 197
5 291 123
5 294 176
5 295 258
5 297 92
5 298 348
5 299 44
5 300 11
5 302 90
5 303 30
5 306 18
5 308 240
5 309 58
5 310 92
5 311 37
5 312 7
5 313 59
5 314 97
5 315 78
5 316 15
5 317 92
5 318 5
5 319 157
5 321 35
5 322 12
5 323 122
5 324 36
5 325 25
5 326 150
5 327 34
5 328 312
5 329 4
5 330 46
5 332 27
5 333 71
5 335 48
5 336 62
5 337 41
5 339 592
5 341 48
5 342 700
5 344 94
5 345 37
5 347 143
5 348 92
5 349 45
5 350 278
5 351 95
5 352 3
5 353 105
5 355 76
5 356 105
5 357 534
5 358 60
5 360 162
5 361 10
5 362 617
5 363 133
5 364 106
5 365 117
5 366 212
5 367 71
5 368 98
5 370 271
5 371 79
5 372 42
5 374 11
5 375 199
5 376 30
5 378 89
5 380 7
5 381 113
5 382 75
5 383 67
5 384 91
5 385 33
5 386 19
5 387 43
5 388 55
5 389 125
5 390 53
5 392 35
5 393 124
5 394 51
5 395 9
5 396 41
5 397 120
5 398 8
5 399 84
5 400 86
5 401 5
5 404 32
5 405 143
5 406 164
5 407 87
5 409 48
5 412 62
5 413 235
5 414 17
5 415 54
5 416 19
5 417 63
5 418 68
5 419 89
5 422 98
5 423 55
5 424 17
5 427 12
5 429 35
5 430 28
5 431 108
5 432 21
5 433 151
5 434 72
5 437 286
5 439 141
5 440 52
5 442 47
5 443 324
5 445 77
5 446 128
5 448 35
5 449 414
5 450 156
5 451 8
5 452 302
5 453 153
5 454 39
5 455 43
5 457 38
5 458 95
5 460 48
5 461 28
5 462 76
5 463 131
5 464 172
5 466 128
5 469 1252
5 471 116
5 472 44
5 474 37
5 475 4
5 476 82
5 478 198
5 479 126
5 480 37
5 481 68
5 482 44
5 483 229
5 487 15
5 488 11
5 490 59
5 491 132
5 493 33
5 495 6
5 496 254
5 497 74
5 498 65
5 499 40
5 500 88
5 501 90
5 503 19
5 504 21
5 505 187
5 506 104
5 507 34
5 508 138
5 509 68
5 510 31
5 511 35
6 0 90
6 3 50
6 5 134
6 6 42
6 7 92
6 8 57
6 11 84
6 12 80
6 13 200
6 15 31
6 18 171
6 19 57
6 20 95
6 21 64
6 22 127
6 23 125
6 24 113
6 27 70
6 29 67
6 30 28
6 31 160
6 33 137
6 34 119
6 35 66
6 37 81
6 38 86
6 39 18
6 40 70
6 42 35
6 43 31
6 44 225
6 45 56
6 47 114
6 48 26
6 49 34
6 50 25
6 51 60
6 52 36
6 53 153
6 54 77
6 58 144
6 59 83
6 60 60
6 61 33
6 62 127
6 63 81
6 64 141
6 65 62
6 67 34
6 69 92
6 73 98
6 74 82
6 75 51
6 76 40
6 77 27
6 78 105
6 79 83
6 80 78
6 83 130
6 84 15
6 85 126
6 86 66
6 87 53
6 88 70
6 89 57
6 90 38
6 91 91
6 93 141
6 94 100
6 95 15
6 99 62
6 100 94
6 101 126
6 102 216
6 103 415
6 109 121
6 110 83
6 111 26
6 113 97
6 114 120
6 115 64
6 116 49
6 117 28
6 118 38
6 119 123
6 120 53
6 121 105
6 122 11
6 123 55
6 125 72
6 126 71
6 127 414
6 129 163
6 130 12
6 132 345
6 133 75
6 135 76
6 136 81
6 137 74
6 139 16
6 140 157
6 142 28
6 143 82
6 144 63
6 145 153
6 146 23
6 147 36
6 149 233
6 151 41
6 152 184
6 153 90
6 154 181
6 155 10
6 156 50
6 157 24
6 158 252
6 159 18
6 161 36
6 162 73
6 164 339
6 166 81
6 167 22
6 168 62
6 169 44
6 171 100
6 172 27
6 174 199
6 175 125
6 176 54
6 178 114
6 179 130
6 180 59
6 181 128
6 182 29
6 184 138
6 185 26
6 186 110
6 190 30
6 191 24
6 192 18
6 193 35
6 194 211
6 195 26
6 196 100
6 197 122
6 198 126
6 199 78
6 200 271
6 201 104
6 202 53
6 203 118
6 204 144
6 206 211
6 207 96
6 209 59
6 210 169
6 211 85
6 212 100
6 213 107
6 214 45
6 217 80
6 218 148
6 219 65
6 221 43
6 224 25
6 225 71
6 226 152
6 227 202
6 228 192
6 229 153
6 231 74
6 232 88
6 233 83
6 234 75
6 235 91
6 236 28
6 237 36
6 238 481
6 239 207
6 240 111
6 241 45
6 242 82
6 244 34
6 245 42
6 247 81
6 248 51
6 250 33
6 252 58
6 253 88
6 254 128
6 255 21
6 256 45
6 257 40
6 259 145
6 260 66
6 261 25
6 262 33
6 263 37
6 264 88
6 265 44
6 266 53
6 267 388
6 268 396
6 269 38
6 270 193
6 271 89
6 273 86
6 274 31
6 275 130
6 277 45
6 278 65
6 279 90
6 280 72
6 281 157
6 282 182
6 283 183
6 285 79
6 287 150
6 289 440
6 290 90
6 291 116
6 292 935
6 293 37
6 294 350
6 295 91
6 296 65
6 297 41
6 299 26
6 300 99
6 301 46
6 302 37
6 303 67
6 305 99
6 306 150
6 308 152
6 309 106
6 310 395
6 312 28
6 313 76
6 314 54
6 315 62
6 316 61
6 317 50
6 318 39
6 319 136
6 320 26
6 322 39
6 323 94
6 325 30
6 326 103
6 327 45
6 328 13
6 329 160
6 331 144
6 333 52
6 334 67
6 336 82
6 337 148
6 338 80
6 339 69
6 340 92
6 341 40
6 342 99
6 344 31
6 345 257
6 347 127
6 349 49
6 350 60
6 351 33
6 352 37
6 354 68
6 355 769
6 357 101
6 358 77
6 359 63
6 360 75
6 361 19
6 362 58
6 363 191
6 364 62
6 368 50
6 369 70
6 372 95
6 373 73
6 375 50
6 376 90
6 377 34
6 378 59
6 379 54
6 380 37
6 382 96
6 383 168
6 385 64
6 388 60
6 389 66
6 391 90
6 392 59
6 394 103
6 395 18
6 396 26
6 397 62
6 398 201
6 402 103
6 403 41
6 404 114
6 405 170
6 406 42
6 407 29
6 408 59
6 409 159
6 410 101
6 412 123
6 413 129
6 414 278
6 415 33
6 417 32
6 420 108
6 421 89
6 422 87
6 423 147
6 424 33
6 426 71
6 427 82
6 428 90
6 429 100
6 431 152
6 432 22
6 434 114
6 435 46
6 437 97
6 438 110
6 439 68
6 440 232
6 441 149
6 442 19
6 443 148
6 444 112
6 445 96
6 446 106
6 447 95
6 448 209
6 449 28
6 451 105
6 453 100
6 454 36
6 455 32
6 457 31
6 458 24
6 459 30
6 460 139
6 461 85
6 462 86
6 463 27
6 464 81
6 465 51
6 467 15
6 468 82
6 469 102
6 470 76
6 471 33
6 472 111
6 473 100
6 474 43
6 475 61
6 477 48
6 478 18
6 479 94
6 480 239
6 481 122
6 484 139
6 485 79
6 486 30
6 488 24
6 489 31
6 490 78
6 494 107
6 497 90
6 498 35
6 500 25
6 501 135
6 502 65
6 504 43
6 509 124
6 510 257
7 1 25
7 2 186
7 3 42
7 4 12
7 6 357
7 7 208
7 8 139
7 9 141
7 11 40
7 12 51
7 13 84
7 14 138
7 15 26
7 16 79
7 17 638
7 18 138
7 19 24
7 22 33
7 23 89
7 24 73
7 25 176
7 26 117
7 27 87
7 29 137
7 33 29
7 35 121
7 37 206
7 38 183
7 39 101
7 40 29
7 41 538
7 42 31
7 44 90
7 46 81
7 48 43
7 49 36
7 50 37
7 51 99
7 52 28
7 53 94
7 54 60
7 56 29
7 57 165
7 58 126
7 59 69
7 61 147
7 63 37
7 65 58
7 66 29
7 67 50
7 68 185
7 69 386
7 70 28
7 71 119
7 74 150
7 75 96
7 78 170
7 79 166
7 80 209
7 81 18
7 82 29
7 83 193
7 84 113
7 85 17
7 87 49
7 88 87
7 89 62
7 90 125
7 91 41
7 92 56
7 93 98
7 94 15
7 95 49
7 96 20
7 97 194
7 98 29
7 99 133
7 100 68
7 101 9
7 102 38
7 104 40
7 105 35
7 106 65
7 107 10
7 108 193
7 109 21
7 110 121
7 113 147
7 114 289
7 115 83
7 116 178
7 117 21
7 118 47
7 119 43
7 120 86
7 122 138
7 123 40
7 124 40
7 125 226
7 126 42
7 127 6
7 128 22
7 129 71
7 130 81
7 131 38
7 133 70
7 134 47
7 136 116
7 137 194
7 139 37
7 141 43
7 143 146
7 144 60
7 145 105
7 146 83
7 147 46
7 148 58
7 150 133
7 152 25
7 153 89
7 154 61
7 156 31
7 157 60
7 158 93
7 159 79
7 160 92
7 161 127
7 162 70
7 163 92
7 164 96
7 165 122
7 168 124
7 169 25
7 170 27
7 171 38
7 172 23
7 173 32
7 174 58
7 175 54
7 176 137
7 178 139
7 179 609
7 180 57
7 181 28
7 182 119
7 183 61
7 185 114
7 186 82
7 188 116
7 189 58
7 190 96
7 191 40
7 192 140
7 195 74
7 196 68
7 197 24
7 198 70
7 200 33
7 205 47
7 206 116
7 207 102
7 209 21
7 210 189
7 212 82
7 213 17
7 214 77
7 215 171
7 216 90
7 218 189
7 219 20
7 220 17
7 222 137
7 223 115
7 224 77
7 225 33
7 226 55
7 229 214
7 230 17
7 232 69
7 233 17
7 234 48
7 235 126
7 237 107
7 238 168
7 240 71
7 241 17
7 244 111
7 246 42
7 247 358
7 248 112
7 249 120
7 250 19
7 251 237
7 252 76
7 254 19
7 256 31
7 257 30
7 258 58
7 260 20
7 261 20
7 264 110
7 267 16
7 268 61
7 269 54
7 270 251
7 271 109
7 272 344
7 276 14
7 278 11
7 281 26
7 282 125
7 283 243
7 287 112
7 288 251
7 289 20
7 290 159
7 291 40
7 292 148
7 293 39
7 294 105
7 295 100
7 296 150
7 297 30
7 298 76
7 299 69
7 300 34
7 301 168
7 303 178
7 304 216
7 306 16
7 307 46
7 308 167
7 310 310
7 311 133
7 312 77
7 314 72
7 315 140
7 316 135
7 318 21
7 319 124
7 320 11
7 321 146
7 322 170
7 324 135
7 325 24
7 326 131
7 327 64
7 328 23
7 329 100
7 331 24
7 332 39
7 333 19
7 334 201
7 335 87
7 337 123
7 338 26
7 341 160
7 342 16
7 344 21
7 345 32
7 346 66
7 347 73
7 348 20
7 349 50
7 350 17
7 351 170
7 352 114
7 353 57
7 354 270
7 355 277
7 357 234
7 358 16
7 359 116
7 360 61
7 361 54
7 362 87
7 363 84
7 365 153
7 366 47
7 367 28
7 368 57
7 369 97
7 371 74
7 372 32
7 373 97
7 375 83
7 376 96
7 377 44
7 378 26
7 379 37
7 381 75
7 382 133
7 383 82
7 384 146
7 385 225
7 386 86
7 387 129
7 388 100
7 389 8
7 390 65
7 392 183
7 393 65
7 394 132
7 396 106
7 397 293
7 398 18
7 400 20
7 402 31
7 403 180
7 405 212
7 408 20
7 409 50
7 410 44
7 411 223
7 415 22
7 416 137
7 417 180
7 418 98
7 419 84
7 420 113
7 421 83
7 422 46
7 423 476
7 424 53
7 425 221
7 426 22
7 427 67
7 430 30
7 431 119
7 432 85
7 435 97
7 436 79
7 439 87
7 440 79
7 442 162
7 443 392
7 444 111
7 445 31
7 448 19
7 450 66
7 451 191
7 452 12
7 453 16
7 454 31
7 455 59
7 456 84
7 458 15
7 459 297
7 461 57
7 463 36
7 468 42
7 469 39
7 470 155
7 471 171
7 472 78
7 473 67
7 474 66
7 475 21
7 476 141
7 477 22
7 478 21
7 480 90
7 482 37
7 483 151
7 485 65
7 486 31
7 488 57
7 489 62
7 490 91
7 492 71
7 493 176
7 494 248
7 495 36
7 497 102
7 498 65
7 499 110
7 500 246
7 501 103
7 505 276
7 506 60
7 507 60
7 508 57
7 509 45
7 511 220
8 1 40
8 2 53
8 3 91
8 4 352
8 5 50
8 6 85
8 7 8
8 8 35
8 9 698
8 10 54
8 11 55
8 13 9
8 14 86
8 15 21
8 16 5
8 17 54
8 18 6
8 19 488
8 20 44
8 21 88
8 22 58
8 23 30
8 24 53
8 25 7
8 26 12
8 28 87
8 29 85
8 30 28
8 31 19
8 32 35
8 33 57
8 36 111
8 37 93
8 38 362
8 39 36
8 40 60
8 41 13
8 42 18
8 43 77
8 44 6
8 45 52
8 46 41
8 47 237
8 49 83
8 50 203
8 51 17
8 52 53
8 56 203
8 57 18
8 58 13
8 59 15
8 60 8
8 62 46
8 63 27
8 66 84
8 67 39
8 68 29
8 69 43
8 71 53
8 74 121
8 75 10
8 76 39
8 78 33
8 79 135
8 80 118
8 83 419
8 84 10
8 85 155
8 86 195
8 87 13
8 89 37
8 91 34
8 92 314
8 93 282
8 94 85
8 95 87
8 96 30
8 97 8
8 98 15
8 99 78
8 101 17
8 102 8
8 104 103
8 106 28
8 107 233
8 108 91
8 110 419
8 114 13
8 116 19
8 117 4
8 118 73
8 119 43
8 120 2
8 122 515
8 123 14
8 125 10
8 127 81
8 128 349
8 129 69
8 131 7
8 132 278
8 133 74
8 135 7
8 138 36
8 139 142
8 141 47
8 143 5
8 144 110
8 147 88
8 148 177
8 149 79
8 150 32
8 152 18
8 153 6
8 154 30
8 155 108
8 156 59
8 157 250
8 158 52
8 159 5
8 160 147
8 161 12
8 162 9
8 165 73
8 167 120
8 168 6
8 169 42
8 171 37
8 172 370
8 174 13
8 175 28
8 176 113
8 177 9
8 179 292
8 182 91
8 183 25
8 184 31
8 185 28
8 186 45
8 187 51
8 189 99
8 190 66
8 191 243
8 192 73
8 193 26
8 194 45
8 195 91
8 196 80
8 197 172
8 198 59
8 199 141
8 200 24
8 203 710
8 204 299
8 205 134
8 206 144
8 207 269
8 208 29
8 209 49
8 210 10
8 211 77
8 212 116
8 213 128
8 214 197
8 216 115
8 217 591
8 218 49
8 219 10
8 220 852
8 222 108
8 223 44
8 225 9
8 227 18
8 228 639
8 229 94
8 231 9
8 232 11
8 234 50
8 235 97
8 237 58
8 238 10
8 239 61
8 240 55
8 242 10
8 243 79
8 245 81
8 246 9
8 247 315
8 248 51
8 249 49
8 250 200
8 251 39
8 253 75
8 254 70
8 255 45
8 256 28
8 258 7
8 259 20
8 260 41
8 261 251
8 262 55
8 263 8
8 264 3
8 265 841
8 266 19
8 267 108
8 268 341
8 269 60
8 270 270
8 271 13
8 272 7
8 273 49
8 274 89
8 275 65
8 276 144
8 279 5
8 280 249
8 281 162
8 282 38
8 283 196
8 284 7
8 287 10
8 288 64
8 291 18
8 292 87
8 294 85
8 295 9
8 296 9
8 297 23
8 299 12
8 300 20
8 301 113
8 303 36
8 304 20
8 305 18
8 306 46
8 309 37
8 310 144
8 311 329
8 312 10
8 313 5
8 315 5
8 318 69
8 319 200
8 320 80
8 321 15
8 322 78
8 323 172
8 325 363
8 327 49
8 328 127
8 329 25
8 330 123
8 331 29
8 332 11
8 334 96
8 335 17
8 336 2
8 337 93
8 338 17
8 342 35
8 344 166
8 345 9
8 346 50
8 349 204
8 351 106
8 352 108
8 353 10
8 355 99
8 356 855
8 357 90
8 358 29
8 359 753
8 360 61
8 362 82
8 364 84
8 365 657
8 366 59
8 367 15
8 368 215
8 369 41
8 371 7
8 372 53
8 374 134
8 375 23
8 376 480
8 380 52
8 381 83
8 386 46
8 387 28
8 388 22
8 389 8
8 390 98
8 391 336
8 392 75
8 393 7
8 394 108
8 395 15
8 396 24
8 397 19
8 398 135
8 399 78
8 401 126
8 402 95
8 403 463
8 404 28
8 405 45
8 406 779
8 409 9
8 411 13
8 413 392
8 416 130
8 417 239
8 418 160
8 420 47
8 421 264
8 422 20
8 424 82
8 425 16
8 427 4
8 429 17
8 430 43
8 431 531
8 432 128
8 433 7
8 434 51
8 435 31
8 436 27
8 437 16
8 438 104
8 439 46
8 440 85
8 441 71
8 443 24
8 444 236
8 446 32
8 448 130
8 449 7
8 450 169
8 451 4
8 452 38
8 454 10
8 455 2
8 456 16
8 458 28
8 459 142
8 461 36
8 462 82
8 463 33
8 464 8
8 465 30
8 466 6
8 467 20
8 468 31
8 469 89
8 471 5
8 472 74
8 473 31
8 477 11
8 478 59
8 479 15
8 480 4
8 481 18
8 482 55
8 484 106
8 485 92
8 486 131
8 488 64
8 489 37
8 490 183
8 494 5
8 495 45
8 496 40
8 497 30
8 498 21
8 499 156
8 501 236
8 502 120
8 503 80
8 504 20
8 505 35
8 507 151
8 509 8
8 510 42
9 0 119
9 3 11
9 4 326
9 5 643
9 8 30
9 9 14
9 10 305
9 11 14
9 12 12
9 13 63
9 14 11
9 15 16
9 18 31
9 19 314
9 21 5
9 24 138
9 26 151
9 27 19
9 28 80
9 29 16
9 30 203
9 32 3
9 33 145
9 35 221
9 36 16
9 38 100
9 40 4
9 41 36
9 42 239
9 44 48
9 45 338
9 46 190
9 47 103
9 48 3
9 53 349
9 54 303
9 56 93
9 57 582
9 58 12
9 59 697
9 60 256
9 61 96
9 62 5
9 65 141
9 68 218
9 69 4
9 70 12
9 71 12
9 73 69
9 79 142
9 80 4
9 82 104
9 83 3
9 84 243
9 86 30
9 87 64
9 88 38
9 90 54
9 92 108
9 93 15
9 96 7
9 98 1
9 100 12
9 101 16
9 103 130
9 104 119
9 106 24
9 108 61
9 109 1
9 110 24
9 111 4
9 112 56
9 113 64
9 114 1
9 115 5
9 116 134
9 118 71
9 119 88
9 120 2
9 122 196
9 124 98
9 125 301
9 126 91
9 127 10
9 128 67
9 129 386
9 130 877
9 131 191
9 133 297
9 138 9
9 139 7
9 140 26
9 142 24
9 143 40
9 145 5
9 146 2
9 148 28
9 149 5
9 151 39
9 153 76
9 154 90
9 155 304
9 156 148
9 157 48
9 158 106
9 159 119
9 161 164
9 162 113
9 163 121
9 164 29
9 166 3
9 167 16
9 168 11
9 169 618
9 170 14
9 171 66
9 172 177
9 173 48
9 174 14
9 178 1
9 179 56
9 180 2
9 181 8
9 182 119
9 184 56
9 186 129
9 187 31
9 188 152
9 189 50
9 191 1332
9 193 174
9 195 110
9 196 48
9 197 88
9 199 2
9 200 58
9 201 100
9 202 96
9 203 89
9 204 4
9 206 149
9 208 121
9 210 1
9 211 183
9 212 136
9 213 122
9 214 14
9 215 30
9 216 26
9 220 46
9 221 2
9 223 1
9 224 151
9 227 1
9 228 195
9 230 34
9 233 15
9 237 14
9 239 233
9 240 7
9 241 9
9 242 7
9 244 777
9 245 15
9 246 79
9 248 5
9 249 63
9 250 1
9 251 88
9 252 7
9 253 100
9 254 3
9 255 423
9 256 56
9 257 1
9 259 116
9 260 169
9 261 60
9 262 20
9 264 4
9 266 214
9 268 4
9 269 103
9 273 43
9 274 440
9 275 50
9 276 16
9 278 47
9 279 578
9 280 5
9 284 79
9 285 27
9 286 59
9 287 97
9 288 61
9 292 3
9 293 5
9 294 17
9 295 113
9 296 10
9 298 7
9 299 304
9 300 65
9 301 17
9 303 567
9 304 470
9 305 44
9 306 56
9 308 4
9 309 163
9 310 20
9 311 89
9 313 275
9 316 1279
9 318 56
9 320 5
9 321 139
9 323 3
9 325 35
9 326 51
9 327 14
9 328 1
9 329 296
9 331 2
9 332 625
9 335 18
9 336 1
9 337 1
9 338 45
9 339 31
9 340 8
9 341 292
9 342 3
9 343 13
9 346 4
9 347 1
9 348 3
9 350 40
9 351 29
9 352 88
9 353 110
9 354 12
9 355 2
9 356 48
9 357 26
9 359 61
9 360 56
9 361 282
9 362 179
9 363 6
9 364 83
9 365 31
9 367 121
9 368 8
9 370 99
9 371 101
9 372 16
9 373 18
9 376 1
9 377 29
9 378 104
9 380 998
9 381 99
9 384 500
9 385 704
9 386 17
9 387 23
9 388 47
9 389 244
9 391 2
9 392 6
9 395 91
9 396 31
9 397 4
9 398 182
9 399 53
9 400 2
9 401 2
9 402 3
9 403 45
9 404 161
9 406 69
9 407 11
9 408 316
9 409 3
9 410 40
9 412 49
9 413 82
9 414 40
9 415 304
9 416 95
9 417 36
9 419 43
9 420 455
9 421 60
9 422 320
9 423 61
9 424 1
9 425 193
9 426 19
9 429 110
9 430 10
9 432 28
9 433 39
9 435 125
9 436 10
9 437 1
9 440 8
9 441 21
9 443 19
9 444 2
9 445 349
9 446 2
9 447 744
9 448 79
9 449 98
9 450 52
9 451 110
9 452 10
9 453 364
9 455 1
9 456 30
9 458 181
9 459 27
9 460 85
9 461 3
9 463 5
9 464 21
9 465 4
9 466 4
9 467 48
9 468 6
9 469 3
9 470 43
9 473 77
9 480 36
9 481 78
9 483 16
9 484 215
9 486 133
9 487 154
9 488 33
9 489 63
9 490 84
9 491 83
9 492 64
9 493 17
9 494 181
9 496 51
9 497 80
9 498 145
9 499 94
9 500 12
9 502 5
9 503 109
9 504 11
9 506 47
9 507 8
9 509 7
9 510 5
9 511 15
10 1 304
10 3 339
10 5 81
10 8 1467
10 9 109
10 10 319
10 11 92
10 12 15
10 13 2
10 16 89
10 17 18
10 18 513
10 21 7
10 23 357
10 24 140
10 25 90
10 29 77
10 30 37
10 33 83
10 34 16
10 36 201
10 37 149
10 38 62
10 39 1
10 40 7
10 42 35
10 43 28
10 44 53
10 45 39
10 46 72
10 48 78
10 49 186
10 50 194
10 52 37
10 53 26
10 55 66
10 56 111
10 58 75
10 59 1
10 60 22
10 61 4
10 62 38
10 65 7
10 66 70
10 67 2
10 69 13
10 70 31
10 71 44
10 74 20
10 75 110
10 76 384
10 77 221
10 79 5
10 80 14
10 82 40
10 83 33
10 84 83
10 85 56
10 86 3
10 87 22
10 88 3
10 89 164
10 91 16
10 92 53
10 93 8
10 94 30
10 95 20
10 96 5
10 97 51
10 98 4
10 99 76
10 101 980
10 105 151
10 106 60
10 108 186
10 109 288
10 110 35
10 112 118
10 113 34
10 115 7
10 116 3
10 118 454
10 120 2
10 121 40
10 122 7
10 123 5
10 124 120
10 125 2
10 126 31
10 127 69
10 128 74
10 129 115
10 130 25
10 132 16
10 133 24
10 134 1
10 137 357
10 138 26
10 139 46
10 141 45
10 142 361
10 143 153
10 145 1
10 148 16
10 149 268
10 151 5
10 152 18
10 153 121
10 155 69
10 157 38
10 158 84
10 159 45
10 160 1
10 161 433
10 162 5
10 163 217
10 165 49
10 166 18
10 167 3
10 169 27
10 170 42
10 171 4
10 172 30
10 174 499
10 175 6
10 177 4
10 178 24
10 179 1
10 180 18
10 182 4
10 183 1
10 184 159
10 186 92
10 187 903
10 188 66
10 189 339
10 190 1
10 191 5
10 192 118
10 193 6
10 194 51
10 200 6
10 201 25
10 202 106
10 203 2
10 204 65
10 205 9
10 208 386
10 209 4
10 210 40
10 212 26
10 213 68
10 215 2
10 216 33
10 217 6
10 218 17
10 219 129
10 221 1
10 222 63
10 223 45
10 224 5
10 225 31
10 226 91
10 227 55
10 229 37
10 230 2
10 231 1
10 232 490
10 233 85
10 235 3
10 236 627
10 237 3
10 238 3
10 239 18
10 240 5
10 241 10
10 242 39
10 243 2
10 244 6
10 246 38
10 248 2
10 249 716
10 250 1
10 251 98
10 252 140
10 253 1
10 254 210
10 255 109
10 256 1
10 258 1
10 259 415
10 260 18
10 261 26
10 262 27
10 264 1
10 265 57
10 267 492
10 268 20
10 269 637
10 270 20
10 272 8
10 273 24
10 275 20
10 276 3
10 278 8
10 279 262
10 280 14
10 281 6
10 282 5
10 283 52
10 284 727
10 285 19
10 286 866
10 287 1
10 288 32
10 289 15
10 291 13
10 292 1
10 295 13
10 296 2
10 297 123
10 298 359
10 299 4
10 300 174
10 301 2
10 304 292
10 305 81
10 306 13
10 307 110
10 308 136
10 311 375
10 314 172
10 316 5
10 318 14
10 319 8
10 321 695
10 322 13
10 324 9
10 325 2
10 326 82
10 327 25
10 328 58
10 329 47
10 330 138
10 332 608
10 333 899
10 335 30
10 336 10
10 337 14
10 339 31
10 340 7
10 341 36
10 342 246
10 343 5
10 344 20
10 345 70
10 346 101
10 347 6
10 348 5
10 350 6
10 351 21
10 352 49
10 353 14
10 355 3
10 356 13
10 357 173
10 358 5
10 359 4
10 360 17
10 361 2
10 362 50
10 364 7
10 365 238
10 366 8
10 367 5
10 368 37
10 369 25
10 370 6
10 371 105
10 372 205
10 373 1
10 374 39
10 378 90
10 379 1
10 380 1
10 382 143
10 384 81
10 385 29
10 386 25
10 387 44
10 389 73
10 391 7
10 392 108
10 394 1
10 395 2
10 397 101
10 401 28
10 402 70
10 403 54
10 405 18
10 406 118
10 407 847
10 408 2
10 410 18
10 411 1
10 412 6
10 413 38
10 416 4
10 419 3
10 420 5
10 421 21
10 422 65
10 423 53
10 424 382
10 426 43
10 427 14
10 429 85
10 431 527
10 432 17
10 433 1
10 434 9
10 435 2
10 436 20
10 437 773
10 438 563
10 440 8
10 441 61
10 442 100
10 443 700
10 447 19
10 449 27
10 450 18
10 451 73
10 452 3
10 453 185
10 454 7
10 456 58
10 459 32
10 460 1
10 461 98
10 463 45
10 464 9
10 465 180
10 466 1
10 467 76
10 469 33
10 470 67
10 471 55
10 473 102
10 475 43
10 476 29
10 477 31
10 478 17
10 479 6
10 480 100
10 481 3
10 482 51
10 483 7
10 484 2
10 485 106
10 486 1
10 487 462
10 488 1
10 490 136
10 491 163
10 492 9
10 493 45
10 495 550
10 496 61
10 497 62
10 498 1
10 500 1
10 501 2
10 503 5
10 504 142
10 506 89
10 507 520
10 509 17
10 510 326
10 511 1
11 2 2
11 3 46
11 4 12
11 6 131
11 7 11
11 8 90
11 9 4
11 10 55
11 11 12
11 12 32
11 14 4
11 16 6
11 17 19
11 19 8
11 20 59
11 21 33
11 22 53
11 23 61
11 24 3
11 25 768
11 27 15
11 29 151
11 30 27
11 31 81
11 32 87
11 34 7
11 36 392
11 38 8
11 39 75
11 40 111
11 42 39
11 43 71
11 44 29
11 45 68
11 46 17
11 48 491
11 49 41
11 50 15
11 51 2
11 54 53
11 55 98
11 56 22
11 57 190
11 58 37
11 60 2
11 61 427
11 62 117
11 63 31
11 65 78
11 68 211
11 69 28
11 70 24
11 72 63
11 74 178
11 75 20
11 76 372
11 77 183
11 78 173
11 79 6
11 81 7
11 82 115
11 83 20
11 85 6
11 86 279
11 88 9
11 90 22
11 91 47
11 92 15
11 93 3
11 94 11
11 95 19
11 96 561
11 98 28
11 100 71
11 101 188
11 102 234
11 104 244
11 105 79
11 107 13
11 109 24
11 110 45
11 111 185
11 112 507
11 114 172
11 115 279
11 116 36
11 117 10
11 118 28
11 122 88
11 123 32
11 124 24
11 125 2
11 126 1
11 128 2
11 129 17
11 130 15
11 131 116
11 132 30
11 136 60
11 138 17
11 139 2
11 140 114
11 143 3
11 144 10
11 146 47
11 147 7
11 148 13
11 149 156
11 150 1
11 151 109
11 152 104
11 154 41
11 155 35
11 156 31
11 157 221
11 158 46
11 159 100
11 160 11
11 161 3
11 162 61
11 164 10
11 165 2
11 166 78
11 168 3
11 169 8
11 170 533
11 171 141
11 172 4
11 173 101
11 174 396
11 177 13
11 178 906
11 180 47
11 181 69
11 183 518
11 184 78
11 185 7
11 186 9
11 188 21
11 190 8
11 191 194
11 192 2
11 193 39
11 194 127
11 195 173
11 196 12
11 197 60
11 198 117
11 199 4
11 202 423
11 203 13
11 204 190
11 207 2
11 208 34
11 210 13
11 211 45
11 212 2
11 213 352
11 214 152
11 215 10
11 216 6
11 217 11
11 218 123
11 219 178
11 220 98
11 221 19
11 222 69
11 224 2
11 225 5
11 226 28
11 227 10
11 228 6
11 229 3
11 230 3
11 231 12
11 232 301
11 234 195
11 235 20
11 236 86
11 237 26
11 238 46
11 239 460
11 240 22
11 241 287
11 242 61
11 243 9
11 244 20
11 245 55
11 246 5
11 247 38
11 248 7
11 249 66
11 251 14
11 252 6
11 253 26
11 255 5
11 259 341
11 260 12
11 261 672
11 262 122
11 263 41
11 264 35
11 265 2
11 266 82
11 267 20
11 269 15
11 270 56
11 271 89
11 272 142
11 273 2
11 274 368
11 275 152
11 276 57
11 278 2
11 281 25
11 282 110
11 283 5
11 284 6
11 286 20
11 287 11
11 289 785
11 290 419
11 291 5
11 292 21
11 293 28
11 294 51
11 295 82
11 296 15
11 298 172
11 300 10
11 301 13
11 302 69
11 303 85
11 304 113
11 305 9
11 306 116
11 307 1470
11 308 1
11 309 12
11 310 79
11 311 13
11 312 3
11 313 6
11 314 6
11 315 157
11 316 13
11 317 24
11 318 3
11 319 168
11 321 3
11 322 47
11 324 12
11 325 102
11 326 6
11 328 15
11 329 59
11 330 92
11 332 86
11 333 21
11 334 55
11 336 33
11 337 24
11 338 4
11 340 7
11 341 71
11 342 470
11 343 341
11 345 14
11 346 55
11 347 1
11 349 15
11 352 11
11 353 95
11 355 231
11 356 4
11 359 51
11 361 98
11 362 3
11 363 115
11 364 65
11 365 3
11 367 331
11 368 6
11 369 50
11 370 435
11 371 15
11 372 139
11 373 152
11 374 10
11 376 212
11 377 306
11 378 102
11 379 59
11 380 1
11 381 197
11 382 43
11 383 15
11 385 124
11 386 26
11 387 50
11 389 11
11 390 89
11 391 20
11 392 22
11 393 42
11 394 61
11 395 429
11 396 351
11 398 22
11 399 26
11 401 10
11 403 31
11 404 55
11 405 14
11 406 32
11 408 19
11 409 331
11 410 32
11 411 108
11 413 12
11 414 161
11 415 11
11 416 153
11 417 5
11 419 192
11 420 2
11 421 47
11 422 27
11 427 8
11 429 430
11 432 141
11 433 12
11 434 146
11 435 571
11 437 40
11 439 49
11 440 76
11 442 3
11 443 156
11 444 6
11 446 83
11 447 8
11 449 709
11 450 362
11 451 21
11 455 99
11 456 16
11 457 268
11 458 48
11 459 5
11 460 40
11 462 45
11 463 7
11 465 15
11 467 4
11 469 47
11 470 62
11 471 71
11 472 58
11 473 4
11 475 82
11 477 165
11 478 4
11 479 5
11 484 124
11 486 74
11 487 2
11 488 79
11 489 2
11 490 308
11 491 10
11 494 2
11 498 2
11 499 2
11 500 488
11 501 36
11 502 23
11 503 194
11 504 21
11 506 63
11 507 7
11 508 257
11 509 1313
11 510 522
12 1 44
12 2 43
12 3 1
12 4 16
12 5 2
12 6 201
12 8 64
12 10 1
12 11 4
12 12 11
12 13 26
12 14 76
12 17 3
12 18 20
12 21 424
12 23 1
12 26 28
12 27 2
12 29 4
12 30 363
12 31 31
12 32 175
12 33 58
12 34 537
12 35 57
12 36 24
12 37 8
12 38 102
12 39 69
12 40 17
12 41 693
12 42 63
12 45 19
12 46 50
12 47 160
12 51 147
12 53 1
12 56 22
12 57 3
12 58 101
12 59 14
12 60 75
12 61 31
12 63 44
12 64 229
12 66 204
12 67 157
12 69 1
12 70 418
12 71 27
12 72 23
12 73 8
12 74 19
12 75 2
12 79 98
12 80 22
12 81 140
12 82 3
12 83 308
12 84 648
12 85 28
12 86 10
12 87 318
12 88 2
12 89 62
12 91 64
12 92 11
12 93 42
12 95 27
12 96 1
12 97 26
12 98 6
12 100 71
12 101 116
12 102 186
12 105 2
12 106 2
12 107 3
12 108 4
12 110 7
12 112 59
12 113 61
12 114 4
12 115 115
12 119 1
12 120 57
12 121 25
12 122 306
12 123 86
12 124 4
12 125 231
12 127 1
12 130 83
12 131 442
12 132 10
12 134 8
12 135 11
12 136 1
12 137 1
12 138 29
12 139 4
12 140 77
12 142 359
12 143 15
12 144 10
12 146 118
12 148 7
12 151 794
12 156 8
12 157 1
12 158 68
12 159 976
12 161 3
12 164 206
12 165 13
12 166 167
12 167 157
12 168 392
12 170 12
12 171 9
12 172 4
12 173 11
12 174 2
12 175 37
12 176 125
12 177 85
12 178 53
12 179 2
12 180 248
12 181 13
12 182 1
12 187 9
12 188 38
12 189 9
12 190 62
12 192 2
12 193 6
12 194 62
12 195 147
12 196 283
12 197 68
12 198 8
12 200 287
12 201 4
12 202 2
12 204 293
12 205 71
12 206 1
12 207 1
12 209 59
12 210 3
12 211 13
12 212 427
12 213 8
12 214 28
12 215 72
12 216 443
12 217 1
12 219 8
12 220 20
12 221 13
12 223 1
12 225 6
12 226 12
12 227 50
12 229 1
12 231 14
12 233 4
12 234 48
12 235 136
12 236 113
12 239 20
12 240 192
12 241 45
12 242 112
12 244 110
12 245 173
12 247 12
12 248 5
12 249 59
12 250 173
12 251 281
12 255 314
12 256 4
12 257 2
12 258 56
12 259 16
12 260 14
12 261 1
12 264 60
12 265 31
12 266 21
12 267 1
12 269 13
12 270 32
12 271 54
12 272 1987
12 273 65
12 274 155
12 275 62
12 278 220
12 280 14
12 282 24
12 283 1
12 285 5
12 286 7
12 287 1
12 289 146
12 290 26
12 291 60
12 292 96
12 293 373
12 294 1017
12 296 8
12 297 1
12 298 3
12 299 145
12 300 1
12 301 12
12 302 107
12 303 72
12 305 39
12 307 44
12 310 205
12 312 88
12 313 6
12 317 41
12 318 35
12 320 75
12 321 279
12 322 222
12 324 51
12 326 60
12 327 242
12 328 857
12 329 221
12 330 30
12 333 252
12 334 8
12 335 24
12 336 46
12 337 12
12 338 12
12 340 88
12 341 104
12 342 51
12 343 2
12 344 1066
12 345 989
12 346 60
12 347 85
12 348 87
12 349 6
12 350 94
12 352 540
12 353 25
12 354 335
12 355 188
12 356 4
12 357 22
12 358 28
12 359 151
12 361 4
12 363 13
12 364 114
12 365 7
12 366 12
12 367 90
12 368 2
12 371 29
12 372 74
12 373 1151
12 374 218
12 376 2
12 377 96
12 378 142
12 380 14
12 381 7
12 382 2
12 384 23
12 385 108
12 386 49
12 387 793
12 389 3
12 390 3
12 394 101
12 396 60
12 400 146
12 402 38
12 405 9
12 406 237
12 407 26
12 410 16
12 411 15
12 412 141
12 414 12
12 415 5
12 418 4
12 421 4
12 422 180
12 423 4
12 424 659
12 425 11
12 426 33
12 427 102
12 428 5
12 430 493
12 431 3
12 432 68
12 433 370
12 434 3
12 435 54
12 437 61
12 438 234
12 439 1
12 441 238
12 442 3
12 443 16
12 444 25
12 445 1
12 447 2
12 448 65
12 450 9
12 451 25
12 453 3
12 454 8
12 457 86
12 459 6
12 460 6
12 461 11
12 462 1
12 464 11
12 465 8
12 466 124
12 467 473
12 468 69
12 470 5
12 471 194
12 472 92
12 473 186
12 474 115
12 477 583
12 479 54
12 480 233
12 481 2
12 482 45
12 484 19
12 485 24
12 486 5
12 488 73
12 489 30
12 490 8
12 491 3
12 493 2
12 495 10
12 496 151
12 497 10
12 498 9
12 500 31
12 501 50
12 503 72
12 506 28
12 507 6
12 508 46
12 509 11
12 510 1
12 511 23
13 0 1
13 1 17
13 2 89
13 3 89
13 4 14
13 5 34
13 6 71
13 8 3
13 9 4
13 11 100
13 12 215
13 14 4
13 15 14
13 16 312
13 17 8
13 19 5
13 21 116
13 23 19
13 24 14
13 25 344
13 26 36
13 27 76
13 30 94
13 32 20
13 33 19
13 34 111
13 35 88
13 36 23
13 37 122
13 38 17
13 39 186
13 40 5
13 41 2
13 42 70
13 43 140
13 44 25
13 45 15
13 46 72
13 47 8
13 48 149
13 49 10
13 50 586
13 51 25
13 52 142
13 56 2
13 57 30
13 59 13
13 60 2
13 61 12
13 62 32
13 63 124
13 64 9
13 65 99
13 66 94
13 67 8
13 70 10
13 72 13
13 73 3
13 75 857
13 76 11
13 77 56
13 78 108
13 80 171
13 81 186
13 82 16
13 83 344
13 84 433
13 85 60
13 87 167
13 88 130
13 89 10
13 90 3
13 92 101
13 93 20
13 94 2
13 96 122
13 97 60
13 98 13
13 99 191
13 101 8
13 102 60
13 105 135
13 106 20
13 107 80
13 108 25
13 109 3
13 110 2
13 112 2
13 113 9
13 114 55
13 115 19
13 116 14
13 118 128
13 121 2
13 123 90
13 124 7
13 125 22
13 126 45
13 127 215
13 128 1
13 129 47
13 131 31
13 132 6
13 133 965
13 134 64
13 135 6
13 136 50
13 137 6
13 138 313
13 140 12
13 141 1
13 143 6
13 144 8
13 145 4
13 148 73
13 149 3
13 150 51
13 151 24
13 152 446
13 153 7
13 154 7
13 157 40
13 158 27
13 159 9
13 160 20
13 161 197
13 162 15
13 163 8
13 164 5
13 165 34
13 166 144
13 168 53
13 171 13
13 172 102
13 173 6
13 174 300
13 175 212
13 176 142
13 177 16
13 178 2
13 180 10
13 182 7
13 183 4
13 184 3
13 185 37
13 186 41
13 187 112
13 188 19
13 189 298
13 191 29
13 193 1
13 194 125
13 196 9
13 197 17
13 198 1
13 199 5
13 200 46
13 201 551
13 202 172
13 203 26
13 205 20
13 206 38
13 207 493
13 208 20
13 209 188
13 210 1
13 211 25
13 213 2
13 214 70
13 215 14
13 216 46
13 217 20
13 218 27
13 219 31
13 222 9
13 223 63
13 226 46
13 228 6
13 230 195
13 231 65
13 232 8
13 233 2
13 234 4
13 235 391
13 237 24
13 238 227
13 241 5
13 242 21
13 243 21
13 244 1
13 245 41
13 246 15
13 247 205
13 248 49
13 250 30
13 251 7
13 252 27
13 255 47
13 256 6
13 257 9
13 258 104
13 259 184
13 261 83
13 263 2
13 264 44
13 265 54
13 266 183
13 267 12
13 268 69
13 269 210
13 270 75
13 271 1078
13 272 10
13 273 12
13 274 605
13 275 107
13 277 6
13 278 88
13 279 26
13 280 12
13 283 522
13 284 25
13 285 11
13 286 60
13 287 22
13 289 79
13 290 13
13 291 38
13 292 25
13 293 65
13 294 48
13 295 1
13 296 107
13 297 387
13 299 6
13 302 10
13 303 27
13 305 112
13 307 138
13 308 109
13 309 144
13 310 7
13 311 157
13 312 370
13 314 59
13 317 6
13 319 84
13 320 15
13 322 90
13 323 1
13 324 400
13 325 121
13 328 268
13 329 93
13 331 108
13 333 2
13 335 290
13 337 781
13 339 52
13 340 2
13 342 1374
13 344 4
13 345 16
13 346 19
13 347 3
13 348 26
13 349 21
13 352 33
13 353 10
13 354 184
13 355 20
13 356 2
13 357 160
13 359 58
13 361 335
13 362 2
13 363 6
13 364 110
13 366 18
13 367 26
13 368 96
13 369 93
13 370 171
13 371 290
13 372 400
13 374 2
13 375 51
13 376 24
13 377 1328
13 379 246
13 381 15
13 382 154
13 383 4
13 385 874
13 387 59
13 391 70
13 392 129
13 393 24
13 394 95
13 397 13
13 398 10
13 400 75
13 401 92
13 402 5
13 404 176
13 405 23
13 406 179
13 407 39
13 408 37
13 409 12
13 412 225
13 413 6
13 415 4
13 416 137
13 417 116
13 418 112
13 419 2
13 420 44
13 423 1
13 424 16
13 425 6
13 426 48
13 427 15
13 430 359
13 431 240
13 433 9
13 434 7
13 435 3
13 436 189
13 438 45
13 440 52
13 442 621
13 444 146
13 447 10
13 448 59
13 450 9
13 451 4
13 455 37
13 456 90
13 457 12
13 458 3
13 459 26
13 460 9
13 462 102
13 463 3
13 464 10
13 465 1
13 467 40
13 468 1
13 469 20
13 470 43
13 471 1
13 472 1
13 474 75
13 475 570
13 476 45
13 477 470
13 479 65
13 481 52
13 484 319
13 485 201
13 486 23
13 487 3
13 489 250
13 490 1
13 491 951
13 492 29
13 493 379
13 494 41
13 495 27
13 497 219
13 498 156
13 499 105
13 500 5
13 501 15
13 502 22
13 503 83
13 504 245
13 505 1
13 506 136
13 507 46
13 509 57
13 510 11
13 511 9
14 0 8
14 1 17
14 2 9
14 3 11
14 4 70
14 5 365
14 6 52
14 7 5
14 8 136
14 9 93
14 10 188
14 11 23
14 12 29
14 13 108
14 14 21
14 16 145
14 18 16
14 19 33
14 21 22
14 22 548
14 24 31
14 25 20
14 26 82
14 27 97
14 28 36
14 29 65
14 30 5
14 31 96
14 34 25
14 35 16
14 36 3
14 37 39
14 38 14
14 39 8
14 42 36
14 43 27
14 44 176
14 46 23
14 47 2
14 48 129
14 50 112
14 51 2
14 53 3
14 54 85
14 56 4
14 57 95
14 58 23
14 60 68
14 61 4
14 62 22
14 63 4
14 64 57
14 65 34
14 67 8
14 68 105
14 70 36
14 71 71
14 73 20
14 74 11
14 75 6
14 79 278
14 80 6
14 81 4
14 82 42
14 83 8
14 84 42
14 85 15
14 87 240
14 89 93
14 90 1232
14 93 65
14 94 62
14 95 80
14 96 204
14 97 16
14 100 40
14 101 12
14 102 20
14 103 21
14 104 15
14 105 166
14 106 48
14 107 171
14 108 155
14 109 16
14 110 17
14 111 2
14 112 38
14 113 17
14 114 201
14 115 359
14 117 22
14 118 56
14 120 81
14 121 232
14 122 26
14 124 16
14 125 3
14 127 15
14 128 79
14 131 14
14 132 120
14 133 25
14 134 8
14 136 266
14 137 8
14 139 13
14 140 3
14 141 7
14 142 3
14 143 13
14 144 656
14 145 3
14 146 5
14 148 32
14 149 292
14 150 51
14 151 53
14 152 36
14 153 355
14 155 692
14 156 2
14 160 35
14 161 27
14 162 5
14 163 9
14 164 117
14 165 108
14 168 50
14 169 2
14 171 650
14 172 41
14 173 34
14 174 211
14 175 12
14 176 15
14 177 177
14 178 4
14 179 873
14 180 272
14 181 28
14 183 31
14 184 98
14 185 137
14 188 116
14 189 202
14 191 445
14 193 23
14 194 90
14 198 27
14 199 41
14 201 40
14 202 13
14 203 107
14 204 2
14 205 57
14 206 5
14 207 6
14 209 510
14 210 727
14 211 4
14 212 4
14 214 85
14 215 55
14 216 25
14 217 43
14 219 22
14 220 173
14 221 45
14 222 14
14 223 169
14 224 49
14 225 156
14 226 19
14 227 39
14 230 19
14 231 59
14 232 159
14 233 7
14 234 2
14 235 34
14 236 16
14 237 89
14 238 6
14 239 182
14 240 131
14 241 4
14 242 10
14 243 375
14 245 703
14 246 4
14 247 423
14 249 83
14 250 24
14 252 166
14 253 32
14 254 212
14 255 851
14 256 9
14 257 45
14 258 42
14 259 251
14 261 30
14 262 55
14 264 3
14 265 593
14 266 61
14 268 3
14 269 4
14 270 6
14 271 8
14 272 20
14 273 96
14 275 49
14 281 26
14 282 14
14 283 2
14 284 48
14 285 126
14 286 157
14 287 13
14 288 111
14 290 233
14 291 18
14 293 5
14 294 3
14 296 26
14 297 5
14 298 116
14 299 13
14 300 97
14 301 184
14 302 27
14 303 104
14 304 62
14 306 9
14 307 34
14 310 6
14 311 35
14 312 38
14 314 46
14 315 2
14 316 13
14 317 131
14 318 126
14 320 130
14 322 222
14 323 105
14 324 382
14 325 142
14 326 54
14 327 8
14 329 8
14 330 16
14 331 46
14 332 6
14 333 7
14 334 40
14 335 14
14 336 5
14 338 206
14 339 139
14 340 161
14 341 23
14 342 28
14 343 387
14 344 441
14 346 55
14 347 70
14 349 141
14 350 826
14 351 47
14 352 53
14 354 19
14 355 3
14 356 164
14 357 212
14 358 607
14 359 6
14 360 56
14 363 109
14 364 126
14 365 197
14 366 22
14 367 78
14 368 122
14 369 29
14 370 31
14 371 311
14 373 3
14 374 1
14 375 9
14 376 10
14 377 18
14 379 238
14 380 23
14 381 238
14 382 4
14 384 319
14 386 119
14 388 127
14 391 17
14 392 6
14 394 94
14 395 27
14 396 26
14 398 143
14 400 7
14 401 6
14 402 20
14 403 21
14 407 18
14 408 24
14 409 5
14 410 134
14 412 107
14 413 27
14 414 78
14 415 250
14 416 6
14 417 58
14 418 20
14 420 102
14 421 122
14 422 186
14 423 9
14 425 52
14 427 130
14 428 11
14 429 3
14 431 22
14 432 15
14 433 50
14 434 13
14 435 9
14 437 38
14 438 241
14 439 44
14 441 86
14 442 5
14 443 78
14 445 5
14 447 540
14 449 105
14 450 119
14 451 12
14 452 4
14 453 110
14 454 352
14 455 201
14 456 5
14 457 35
14 458 4
14 459 25
14 461 548
14 462 34
14 465 457
14 466 218
14 467 4
14 468 466
14 470 372
14 472 14
14 473 105
14 476 9
14 480 62
14 482 13
14 484 79
14 486 4
14 488 3
14 489 70
14 492 173
14 494 37
14 495 18
14 496 57
14 497 4
14 498 309
14 500 14
14 501 118
14 506 66
14 507 153
14 508 4
14 509 127
14 510 38
14 511 183
15 0 17
15 1 42
15 2 44
15 5 763
15 6 75
15 7 772
15 9 36
15 10 41
15 13 65
15 15 308
15 16 21
15 17 518
15 18 168
15 19 84
15 20 20
15 21 60
15 22 21
15 23 8
15 24 20
15 26 11
15 27 42
15 28 122
15 30 66
15 32 113
15 33 24
15 34 37
15 35 121
15 36 45
15 37 16
15 38 171
15 39 89
15 40 25
15 41 17
15 42 10
15 43 73
15 44 16
15 45 16
15 49 60
15 51 86
15 52 48
15 54 445
15 55 136
15 56 9
15 57 136
15 58 27
15 59 105
15 60 35
15 61 22
15 63 153
15 64 125
15 66 240
15 67 62
15 69 39
15 70 85
15 71 8
15 72 229
15 73 31
15 74 73
15 75 61
15 76 143
15 77 24
15 79 81
15 80 47
15 81 75
15 82 28
15 83 96
15 84 252
15 86 53
15 87 24
15 89 32
15 90 199
15 91 22
15 93 41
15 95 156
15 96 42
15 97 73
15 98 20
15 99 163
15 100 20
15 101 114
15 102 299
15 103 55
15 104 48
15 105 81
15 106 73
15 107 65
15 108 72
15 109 150
15 110 84
15 111 16
15 112 96
15 113 54
15 114 8
15 115 125
15 117 77
15 118 99
15 120 50
15 122 57
15 124 76
15 125 311
15 127 282
15 128 62
15 130 105
15 131 8
15 132 67
15 134 140
15 135 82
15 136 46
15 137 91
15 138 235
15 139 132
15 140 34
15 141 188
15 143 797
15 144 97
15 149 74
15 152 51
15 155 166
15 156 189
15 157 7
15 158 67
15 160 22
15 161 146
15 163 13
15 164 194
15 165 50
15 166 20
15 167 19
15 168 37
15 169 9
15 171 154
15 172 68
15 173 195
15 174 11
15 175 212
15 177 41
15 179 73
15 180 123
15 182 10
15 183 28
15 185 70
15 186 121
15 187 343
15 189 170
15 190 97
15 194 66
15 195 97
15 196 48
15 197 20
15 198 50
15 199 73
15 203 23
15 204 46
15 205 582
15 206 155
15 207 81
15 208 76
15 209 62
15 210 140
15 211 24
15 212 18
15 213 24
15 215 151
15 216 4
15 218 22
15 219 22
15 220 33
15 221 246
15 222 11
15 223 112
15 224 14
15 225 103
15 227 36
15 228 37
15 231 47
15 233 111
15 234 22
15 235 62
15 237 152
15 238 22
15 240 18
15 241 17
15 242 64
15 243 153
15 244 107
15 245 29
15 246 35
15 248 10
15 250 88
15 251 15
15 252 186
15 253 33
15 254 145
15 255 49
15 256 94
15 257 65
15 259 86
15 260 113
15 261 118
15 262 72
15 263 8
15 264 52
15 265 17
15 266 58
15 267 10
15 268 15
15 269 244
15 270 215
15 271 31
15 272 8
15 274 45
15 275 15
15 276 40
15 277 15
15 278 13
15 279 89
15 280 132
15 282 51
15 284 152
15 285 24
15 286 38
15 287 18
15 288 36
15 290 19
15 291 27
15 292 47
15 293 9
15 294 125
15 295 221
15 302 27
15 303 22
15 304 15
15 306 112
15 308 596
15 309 15
15 310 18
15 311 222
15 312 39
15 313 152
15 314 423
15 315 135
15 316 5
15 317 34
15 318 62
15 319 148
15 320 232
15 321 38
15 323 17
15 325 385
15 326 320
15 327 73
15 328 69
15 329 101
15 330 20
15 331 197
15 333 14
15 335 108
15 336 9
15 337 20
15 338 15
15 339 89
15 341 44
15 342 91
15 343 106
15 345 23
15 346 20
15 347 22
15 348 10
15 350 140
15 351 152
15 352 62
15 353 22
15 354 167
15 355 120
15 356 157
15 358 63
15 360 14
15 361 212
15 362 239
15 363 283
15 364 15
15 368 9
15 369 43
15 370 68
15 371 188
15 372 78
15 374 37
15 375 52
15 376 148
15 377 77
15 378 131
15 379 28
15 381 10
15 383 50
15 388 17
15 389 90
15 390 44
15 393 23
15 394 153
15 395 983
15 398 66
15 400 39
15 402 27
15 404 18
15 405 12
15 406 114
15 407 159
15 408 170
15 409 30
15 412 146
15 414 35
15 415 128
15 417 22
15 418 8
15 419 401
15 422 3
15 423 67
15 425 236
15 426 129
15 427 15
15 428 236
15 429 224
15 430 127
15 431 12
15 433 87
15 434 289
15 435 35
15 438 122
15 441 53
15 442 72
15 444 71
15 446 107
15 447 278
15 448 169
15 449 143
15 452 226
15 454 45
15 455 26
15 456 13
15 457 24
15 458 191
15 459 46
15 460 184
15 461 62
15 462 173
15 463 247
15 464 171
15 465 77
15 466 304
15 468 40
15 469 70
15 470 27
15 471 132
15 472 52
15 473 99
15 474 89
15 475 349
15 477 20
15 479 94
15 480 105
15 481 123
15 482 120
15 483 9
15 484 165
15 487 59
15 489 48
15 490 488
15 491 78
15 492 99
15 494 12
15 495 55
15 497 11
15 498 15
15 499 15
15 500 38
15 502 15
15 503 101
15 504 129
15 505 97
15 506 58
15 508 89
15 509 31
15 510 11
15 511 79
16 0 350
16 2 50
16 3 23
16 4 198
16 5 29
16 7 16
16 9 37
16 11 138
16 12 3
16 13 815
16 15 17
16 16 7
16 17 189
16 19 489
16 20 25
16 22 14
16 24 21
16 25 900
16 26 53
16 27 15
16 30 42
16 31 10
16 32 4
16 33 42
16 34 21
16 35 41
16 36 253
16 37 4
16 38 69
16 39 12
16 40 534
16 42 113
16 43 24
16 44 42
16 45 21
16 46 12
16 47 14
16 48 3
16 51 67
16 52 25
16 53 80
16 55 100
16 56 1265
16 57 6
16 58 43
16 59 478
16 60 4
16 61 15
16 62 32
16 63 5
16 64 524
16 65 203
16 66 4
16 68 86
16 69 237
16 70 12
16 71 687
16 73 38
16 74 18
16 75 123
16 76 42
16 77 62
16 78 52
16 79 8
16 80 24
16 81 11
16 82 11
16 83 2
16 85 5
16 86 66
16 87 54
16 89 18
16 90 115
16 92 40
16 93 12
16 94 19
16 96 61
16 97 17
16 98 127
16 99 18
16 100 11
16 102 130
16 103 80
16 104 4
16 105 125
16 106 23
16 108 28
16 109 129
16 110 216
16 111 214
16 112 330
16 115 22
16 116 107
16 118 14
16 120 92
16 122 815
16 123 61
16 124 38
16 125 11
16 126 33
16 128 31
16 129 126
16 130 28
16 131 210
16 132 53
16 134 42
16 135 3
16 139 12
16 140 174
16 141 24
16 142 158
16 143 129
16 144 64
16 145 34
16 146 84
16 147 23
16 149 120
16 150 32
16 152 144
16 153 75
16 154 424
16 155 21
16 157 18
16 158 164
16 160 28
16 161 300
16 163 35
16 165 496
16 166 75
16 168 27
16 169 107
16 170 5
16 171 368
16 172 44
16 173 18
16 174 473
16 175 78
16 176 38
16 178 7
16 180 127
16 181 47
16 182 9
16 183 5
16 184 751
16 185 8
16 186 97
16 187 101
16 188 40
16 189 39
16 190 9
16 191 69
16 192 8
16 193 182
16 196 32
16 197 17
16 199 9
16 201 54
16 203 66
16 204 71
16 206 10
16 207 181
16 210 211
16 211 9
16 213 4
16 214 107
16 217 36
16 218 18
16 221 8
16 222 77
16 223 12
16 225 32
16 226 424
16 228 176
16 230 16
16 231 1226
16 232 73
16 233 728
16 234 83
16 239 2
16 240 146
16 241 24
16 242 65
16 245 410
16 246 282
16 247 58
16 248 15
16 249 82
16 251 290
16 252 7
16 253 5
16 254 861
16 255 150
16 256 98
16 257 16
16 258 55
16 259 53
16 264 214
16 265 112
16 266 13
16 268 53
16 269 18
16 270 572
16 276 30
16 277 82
16 278 74
16 279 5
16 280 42
16 281 60
16 282 9
16 283 37
16 284 1
16 285 3
16 286 16
16 290 44
16 291 5
16 292 13
16 293 3
16 294 227
16 295 10
16 296 15
16 297 60
16 298 14
16 299 30
16 300 65
16 301 8
16 302 108
16 303 25
16 304 70
16 307 150
16 308 738
16 309 207
16 311 68
16 313 6
16 314 62
16 315 79
16 316 181
16 318 807
16 320 18
16 321 29
16 322 148
16 323 3
16 324 16
16 326 32
16 328 176
16 330 29
16 335 9
16 336 57
16 338 24
16 339 32
16 340 31
16 342 7
16 344 10
16 345 20
16 347 73
16 348 9
16 349 33
16 350 18
16 351 55
16 352 11
16 353 10
16 354 76
16 355 155
16 356 293
16 357 59
16 358 2
16 360 8
16 361 223
16 362 23
16 363 18
16 365 17
16 368 101
16 370 283
16 371 105
16 372 90
16 374 22
16 376 49
16 377 21
16 378 132
16 379 44
16 380 134
16 382 45
16 383 4
16 385 104
16 386 52
16 387 300
16 388 28
16 389 37
16 390 56
16 391 54
16 392 177
16 396 350
16 397 4
16 398 47
16 399 19
16 400 3
16 403 53
16 404 75
16 405 105
16 407 55
16 408 20
16 409 22
16 410 54
16 411 165
16 413 645
16 414 36
16 415 40
16 416 30
16 417 149
16 418 18
16 419 47
16 420 17
16 421 79
16 424 32
16 425 19
16 426 13
16 427 34
16 429 59
16 430 42
16 431 35
16 432 27
16 434 27
16 435 38
16 437 12
16 438 62
16 439 33
16 441 71
16 442 80
16 443 50
16 444 4
16 445 11
16 446 3
16 447 52
16 448 12
16 449 154
16 451 28
16 452 199
16 453 1
16 454 4
16 455 56
16 456 5
16 458 49
16 459 17
16 460 81
16 461 49
16 462 2
16 463 9
16 464 75
16 466 325
16 468 28
16 469 30
16 470 23
16 471 71
16 472 21
16 474 103
16 475 93
16 476 16
16 477 39
16 478 60
16 479 109
16 480 242
16 481 19
16 482 8
16 483 121
16 485 2
16 486 43
16 487 45
16 489 6
16 490 90
16 492 29
16 493 107
16 494 26
16 495 8
16 499 35
16 500 30
16 501 12
16 502 32
16 503 40
16 504 79
16 505 15
16 507 12
16 508 26
16 509 172
16 510 392
16 511 41
17 2 48
17 3 30
17 4 103
17 5 73
17 6 20
17 7 52
17 10 108
17 12 65
17 15 286
17 16 136
17 18 59
17 21 213
17 22 343
17 23 5
17 24 40
17 25 103
17 27 121
17 28 18
17 29 60
17 31 185
17 34 26
17 35 34
17 36 139
17 37 289
17 38 128
17 39 12
17 41 7
17 43 83
17 44 133
17 46 113
17 47 37
17 48 52
17 50 16
17 53 93
17 54 31
17 55 39
17 57 252
17 58 117
17 59 49
17 62 8
17 63 13
17 64 37
17 65 36
17 66 159
17 67 228
17 68 108
17 69 17
17 70 33
17 72 45
17 73 320
17 74 52
17 75 165
17 77 63
17 79 65
17 81 21
17 82 17
17 84 42
17 86 38
17 87 66
17 88 398
17 89 350
17 90 77
17 91 19
17 92 20
17 95 54
17 98 49
17 99 40
17 100 102
17 101 56
17 102 14
17 106 10
17 107 14
17 108 19
17 109 29
17 111 34
17 113 37
17 114 58
17 115 464
17 116 16
17 117 27
17 120 29
17 121 131
17 122 97
17 123 75
17 124 68
17 125 30
17 126 45
17 127 80
17 129 147
17 131 188
17 132 21
17 133 95
17 134 100
17 136 9
17 137 281
17 138 9
17 140 220
17 142 33
17 144 49
17 145 69
17 146 64
17 147 591
17 148 106
17 149 41
17 151 187
17 152 18
17 154 18
17 155 62
17 156 221
17 158 77
17 159 64
17 161 138
17 162 164
17 163 71
17 164 10
17 165 10
17 166 15
17 167 46
17 168 66
17 169 124
17 171 212
17 172 40
17 173 30
17 174 26
17 175 63
17 176 87
17 177 96
17 178 44
17 180 445
17 181 162
17 183 32
17 184 13
17 185 68
17 186 104
17 189 175
17 190 212
17 191 16
17 192 43
17 194 56
17 195 74
17 196 43
17 198 59
17 199 27
17 200 37
17 201 78
17 202 16
17 203 72
17 204 85
17 205 102
17 207 49
17 208 60
17 209 10
17 210 15
17 211 38
17 212 72
17 213 178
17 214 129
17 215 396
17 216 20
17 217 60
17 219 18
17 220 25
17 221 58
17 222 31
17 224 11
17 226 56
17 227 66
17 229 77
17 230 75
17 231 62
17 232 15
17 233 72
17 234 13
17 236 147
17 238 32
17 239 140
17 240 92
17 242 36
17 246 280
17 248 5
17 249 101
17 250 89
17 251 19
17 253 135
17 254 24
17 255 127
17 256 86
17 257 42
17 258 513
17 259 80
17 261 117
17 262 15
17 264 19
17 265 219
17 266 60
17 267 77
17 268 325
17 269 165
17 270 52
17 272 92
17 273 119
17 274 118
17 275 221
17 276 63
17 277 53
17 279 13
17 280 44
17 281 15
17 282 241
17 283 15
17 285 152
17 289 130
17 290 222
17 291 117
17 294 249
17 295 256
17 297 42
17 298 417
17 300 15
17 302 97
17 303 30
17 306 19
17 308 142
17 309 59
17 310 103
17 311 38
17 312 8
17 313 45
17 314 114
17 315 72
17 316 20
17 317 83
17 318 10
17 319 92
17 321 65
17 322 23
17 323 145
17 324 7
17 325 15
17 326 205
17 327 32
17 328 341
17 330 35
17 332 37
17 333 76
17 335 37
17 336 59
17 337 38
17 338 12
17 339 464
17 341 17
17 342 601
17 344 42
17 345 22
17 347 155
17 348 76
17 349 15
17 350 311
17 351 131
17 352 5
17 353 135
17 354 26
17 355 80
17 356 53
17 357 350
17 358 112
17 360 155
17 361 27
17 362 401
17 363 115
17 364 107
17 365 126
17 366 246
17 367 60
17 368 87
17 370 249
17 371 127
17 372 23
17 373 13
17 374 148
17 375 167
17 378 40
17 380 20
17 381 211
17 382 105
17 383 94
17 384 85
17 385 24
17 387 76
17 388 35
17 389 187
17 390 25
17 392 33
17 393 91
17 394 87
17 395 7
17 396 36
17 397 111
17 398 22
17 399 84
17 400 72
17 404 39
17 405 133
17 406 148
17 407 419
17 409 28
17 412 58
17 413 172
17 414 14
17 415 30
17 417 68
17 418 71
17 419 64
17 422 93
17 423 27
17 424 49
17 425 35
17 426 8
17 427 16
17 428 25
17 429 26
17 430 26
17 431 142
17 432 15
17 433 205
17 434 69
17 437 179
17 439 45
17 440 65
17 442 42
17 443 328
17 445 70
17 446 89
17 448 38
17 449 801
17 450 183
17 451 18
17 452 344
17 453 129
17 454 41
17 455 48
17 457 24
17 458 139
17 459 11
17 460 31
17 461 32
17 462 69
17 463 180
17 464 99
17 466 125
17 467 31
17 468 26
17 469 1374
17 471 166
17 472 30
17 474 16
17 476 102
17 478 267
17 479 98
17 480 14
17 481 38
17 482 45
17 483 193
17 487 45
17 488 29
17 490 80
17 491 134
17 492 9
17 493 25
17 496 209
17 497 101
17 498 77
17 499 16
17 500 71
17 501 77
17 503 30
17 504 23
17 505 117
17 506 77
17 507 32
17 508 142
17 509 51
17 510 51
17 511 36
18 0 82
18 3 24
18 5 132
18 6 37
18 7 98
18 8 105
18 11 89
18 12 119
18 13 210
18 15 46
18 18 132
18 19 45
18 20 48
18 21 46
18 22 160
18 23 91
18 24 86
18 26 22
18 27 41
18 29 59
18 31 128
18 33 100
18 34 89
18 35 62
18 36 8
18 37 168
18 38 101
18 40 86
18 43 31
18 44 151
18 45 53
18 46 29
18 47 112
18 48 44
18 49 15
18 50 13
18 51 30
18 52 41
18 53 158
18 54 104
18 58 60
18 59 64
18 60 50
18 62 163
18 63 37
18 64 160
18 67 58
18 69 76
18 73 104
18 74 30
18 76 21
18 77 22
18 78 55
18 79 89
18 80 83
18 83 98
18 84 37
18 85 108
18 86 61
18 87 100
18 88 25
18 89 43
18 90 47
18 91 86
18 93 145
18 94 106
18 98 39
18 99 79
18 100 81
18 101 122
18 102 244
18 103 379
18 104 29
18 109 129
18 110 80
18 111 25
18 113 100
18 114 66
18 115 49
18 117 28
18 118 41
18 119 90
18 120 70
18 121 56
18 123 25
18 125 54
18 127 480
18 129 86
18 130 31
18 132 246
18 133 77
18 135 86
18 136 108
18 137 121
18 139 15
18 140 98
18 142 29
18 143 64
18 144 32
18 145 148
18 146 20
18 147 31
18 149 195
18 151 39
18 152 153
18 153 38
18 154 102
18 155 16
18 156 66
18 157 17
18 158 366
18 159 15
18 161 31
18 162 85
18 163 31
18 164 626
18 166 84
18 167 19
18 168 78
18 169 29
18 171 128
18 172 19
18 174 149
18 175 146
18 176 82
18 178 86
18 179 92
18 180 80
18 181 136
18 184 104
18 185 18
18 186 135
18 190 37
18 192 25
18 193 34
18 194 155
18 195 91
18 196 109
18 197 126
18 198 96
18 199 46
18 200 262
18 201 55
18 202 51
18 203 199
18 204 94
18 206 230
18 207 45
18 209 62
18 210 179
18 211 64
18 212 78
18 213 63
18 214 53
18 217 74
18 218 194
18 219 58
18 220 25
18 221 58
18 224 23
18 225 71
18 226 65
18 227 158
18 228 184
18 229 107
18 231 90
18 232 72
18 233 94
18 234 48
18 235 190
18 236 26
18 238 466
18 239 207
18 240 122
18 241 55
18 242 110
18 244 39
18 245 61
18 247 93
18 248 44
18 250 43
18 252 56
18 253 64
18 254 165
18 255 49
18 256 99
18 257 34
18 259 151
18 260 77
18 262 37
18 263 40
18 264 95
18 265 30
18 266 30
18 267 355
18 268 395
18 269 26
18 270 177
18 271 122
18 273 80
18 274 42
18 275 123
18 277 49
18 278 72
18 279 75
18 280 74
18 281 153
18 282 95
18 283 170
18 285 57
18 287 168
18 289 415
18 290 96
18 291 108
18 292 951
18 293 25
18 294 273
18 295 57
18 296 55
18 297 39
18 299 24
18 300 103
18 301 72
18 302 23
18 303 36
18 305 90
18 306 134
18 308 153
18 309 127
18 310 553
18 312 58
18 313 76
18 314 42
18 315 65
18 316 95
18 317 35
18 318 20
18 319 134
18 320 18
18 322 48
18 323 145
18 325 42
18 326 107
18 327 38
18 328 24
18 329 169
18 330 19
18 331 114
18 333 54
18 334 94
18 336 83
18 337 107
18 338 64
18 339 84
18 340 78
18 341 47
18 342 164
18 343 13
18 344 52
18 345 210
18 347 114
18 348 52
18 349 24
18 350 123
18 351 56
18 352 21
18 354 56
18 355 832
18 357 101
18 358 59
18 359 61
18 360 52
18 362 72
18 363 209
18 364 55
18 368 47
18 369 60
18 370 27
18 372 264
18 373 52
18 375 50
18 376 91
18 377 96
18 378 63
18 379 82
18 382 100
18 383 143
18 385 36
18 388 37
18 389 144
18 391 131
18 392 28
18 394 107
18 396 30
18 397 53
18 398 218
18 402 123
18 403 42
18 404 109
18 405 136
18 406 31
18 407 38
18 408 54
18 409 165
18 410 123
18 412 270
18 413 205
18 414 334
18 415 38
18 416 62
18 417 33
18 418 24
18 419 29
18 420 97
18 421 162
18 422 146
18 423 123
18 424 30
18 426 84
18 427 89
18 428 102
18 429 53
18 431 136
18 432 25
18 434 86
18 435 43
18 436 23
18 437 65
18 438 89
18 439 52
18 440 276
18 441 139
18 442 21
18 443 140
18 444 83
18 445 101
18 446 94
18 447 120
18 448 220
18 449 21
18 451 74
18 453 56
18 454 35
18 457 75
18 458 25
18 459 86
18 460 146
18 461 24
18 462 63
18 464 52
18 465 36
18 468 71
18 469 77
18 470 93
18 472 66
18 473 96
18 474 64
18 475 88
18 477 49
18 478 120
18 479 80
18 480 251
18 481 28
18 482 53
18 484 75
18 485 31
18 486 27
18 487 34
18 488 112
18 489 15
18 490 52
18 491 32
18 494 115
18 495 25
18 497 91
18 498 57
18 501 89
18 502 66
18 504 81
18 505 115
18 508 34
18 509 98
18 510 335
18 511 52
19 0 15
19 2 138
19 3 48
19 6 375
19 7 196
19 8 112
19 9 108
19 11 34
19 12 46
19 13 95
19 14 180
19 15 27
19 16 83
19 17 803
19 18 80
19 19 15
19 21 15
19 22 23
19 23 86
19 24 78
19 25 153
19 26 116
19 27 104
19 28 48
19 29 108
19 33 30
19 35 169
19 36 13
19 37 191
19 38 173
19 39 128
19 40 46
19 41 382
19 42 33
19 44 72
19 46 55
19 48 52
19 49 21
19 50 47
19 51 95
19 53 77
19 54 67
19 56 35
19 57 150
19 58 126
19 59 67
19 61 137
19 63 40
19 65 57
19 66 62
19 67 40
19 68 200
19 69 228
19 70 35
19 71 127
19 73 21
19 74 217
19 75 96
19 78 173
19 79 166
19 80 390
19 81 27
19 82 50
19 83 161
19 84 106
19 85 45
19 87 58
19 88 117
19 89 11
19 90 58
19 91 45
19 92 70
19 93 96
19 94 18
19 95 30
19 96 19
19 97 218
19 98 23
19 99 147
19 100 82
19 102 61
19 104 40
19 105 39
19 106 69
19 108 65
19 109 23
19 110 134
19 113 190
19 114 290
19 115 117
19 116 192
19 117 33
19 118 37
19 119 100
19 120 119
19 122 142
19 123 23
19 124 27
19 125 262
19 126 69
19 127 22
19 128 18
19 129 66
19 130 77
19 131 34
19 132 171
19 133 39
19 134 39
19 136 150
19 137 165
19 139 31
19 141 24
19 143 127
19 144 44
19 145 60
19 146 45
19 147 33
19 148 50
19 150 180
19 152 43
19 153 76
19 154 30
19 156 51
19 158 147
19 159 75
19 160 35
19 161 130
19 162 44
19 163 33
19 164 86
19 165 159
19 168 150
19 170 45
19 171 21
19 173 23
19 174 90
19 175 41
19 176 147
19 178 27
19 179 642
19 180 58
19 181 23
19 182 100
19 183 20
19 185 93
19 186 118
19 187 23
19 188 107
19 189 34
19 190 84
19 191 36
19 192 102
19 195 91
19 196 79
19 197 14
19 198 75
19 199 16
19 200 35
19 205 73
19 206 111
19 207 98
19 210 150
19 212 77
19 213 18
19 214 61
19 215 176
19 216 91
19 217 19
19 218 125
19 219 28
19 220 15
19 222 119
19 223 101
19 224 92
19 226 24
19 227 24
19 229 259
19 230 168
19 232 48
19 233 10
19 234 33
19 235 96
19 236 22
19 237 74
19 238 222
19 240 87
19 244 103
19 245 25
19 246 30
19 247 281
19 248 101
19 249 107
19 250 28
19 251 226
19 252 143
19 253 25
19 256 30
19 257 40
19 258 57
19 260 33
19 264 106
19 267 20
19 268 58
19 269 58
19 270 276
19 271 117
19 272 445
19 273 45
19 275 36
19 276 16
19 281 22
19 282 121
19 283 264
19 285 48
19 287 113
19 288 225
19 289 21
19 290 136
19 291 74
19 292 108
19 293 53
19 294 114
19 295 91
19 296 55
19 297 69
19 298 76
19 299 66
19 300 30
19 301 128
19 303 178
19 304 245
19 306 5
19 307 60
19 308 118
19 310 299
19 311 141
19 312 91
19 314 75
19 315 110
19 316 149
19 318 10
19 319 112
19 320 13
19 321 109
19 322 183
19 324 295
19 325 17
19 326 215
19 327 90
19 328 45
19 329 122
19 330 26
19 332 69
19 334 164
19 335 61
19 337 87
19 338 17
19 341 220
19 342 53
19 343 28
19 346 17
19 347 74
19 348 14
19 349 32
19 350 14
19 351 197
19 352 131
19 353 34
19 354 336
19 355 300
19 357 191
19 358 35
19 359 101
19 360 79
19 361 69
19 362 40
19 363 126
19 364 19
19 365 125
19 366 41
19 367 43
19 368 51
19 369 80
19 371 76
19 372 34
19 373 115
19 375 74
19 376 84
19 377 28
19 378 14
19 379 24
19 381 53
19 382 118
19 383 57
19 384 189
19 385 306
19 386 62
19 387 118
19 388 55
19 390 65
19 392 161
19 393 87
19 394 155
19 396 155
19 397 489
19 398 22
19 402 49
19 403 87
19 404 12
19 405 104
19 408 22
19 409 53
19 410 59
19 411 257
19 414 14
19 415 17
19 416 147
19 417 180
19 418 147
19 419 65
19 420 164
19 421 80
19 422 62
19 423 403
19 424 58
19 425 277
19 426 51
19 427 62
19 430 17
19 431 168
19 432 101
19 433 28
19 435 56
19 436 60
19 439 90
19 440 100
19 442 81
19 443 248
19 444 87
19 445 53
19 447 16
19 448 38
19 450 136
19 451 302
19 454 31
19 455 33
19 456 84
19 459 265
19 461 40
19 463 57
19 467 6
19 468 42
19 469 69
19 470 123
19 471 142
19 472 55
19 473 82
19 474 45
19 476 160
19 478 32
19 480 125
19 482 32
19 483 120
19 485 46
19 486 53
19 488 59
19 489 45
19 490 94
19 492 55
19 493 75
19 494 121
19 495 32
19 497 120
19 498 68
19 499 96
19 500 286
19 501 89
19 505 109
19 506 39
19 507 30
19 508 44
19 509 72
19 510 28
19 511 367
20 1 31
20 2 30
20 3 87
20 4 378
20 5 58
20 6 67
20 7 15
20 8 39
20 9 801
20 10 107
20 11 44
20 14 38
20 15 21
20 17 15
20 18 9
20 19 473
20 20 24
20 21 114
20 22 40
20 23 31
20 24 43
20 25 9
20 28 77
20 29 61
20 30 27
20 31 12
20 32 44
20 33 25
20 35 6
20 36 114
20 37 104
20 38 10
20 39 37
20 40 100
20 42 33
20 43 100
20 44 14
20 45 40
20 46 238
20 47 285
20 49 115
20 50 190
20 52 62
20 56 188
20 57 10
20 58 11
20 59 29
20 60 10
20 62 52
20 63 59
20 64 6
20 66 39
20 67 174
20 68 25
20 69 8
20 70 7
20 71 68
20 74 98
20 75 8
20 76 55
20 77 6
20 78 43
20 79 198
20 80 137
20 81 13
20 83 655
20 84 44
20 85 172
20 86 211
20 87 6
20 89 57
20 91 20
20 92 193
20 93 233
20 94 75
20 95 89
20 96 8
20 97 20
20 98 26
20 99 53
20 100 19
20 101 34
20 102 14
20 104 117
20 106 39
20 107 252
20 108 100
20 110 462
20 114 10
20 116 123
20 118 45
20 119 45
20 121 21
20 122 455
20 123 29
20 125 12
20 127 122
20 128 301
20 129 56
20 131 36
20 132 210
20 133 64
20 135 13
20 138 49
20 139 112
20 141 61
20 144 165
20 147 109
20 148 187
20 149 26
20 150 29
20 152 17
20 154 50
20 155 66
20 156 83
20 157 125
20 158 32
20 160 222
20 161 34
20 165 119
20 167 125
20 168 9
20 169 87
20 170 9
20 171 22
20 172 325
20 174 62
20 176 53
20 177 3
20 179 282
20 182 74
20 183 27
20 184 21
20 185 20
20 186 12
20 187 5
20 189 111
20 190 59
20 191 291
20 192 81
20 193 42
20 194 44
20 195 67
20 196 76
20 197 180
20 198 56
20 199 58
20 200 24
20 203 650
20 204 323
20 205 164
20 206 161
20 207 238
20 208 74
20 209 79
20 211 114
20 212 83
20 213 83
20 214 182
20 216 111
20 217 569
20 218 35
20 219 16
20 220 730
20 222 254
20 223 41
20 225 15
20 227 16
20 228 626
20 229 41
20 231 10
20 232 21
20 234 37
20 235 81
20 237 71
20 238 14
20 239 77
20 240 41
20 242 7
20 243 127
20 245 52
20 246 8
20 247 333
20 248 37
20 249 49
20 250 115
20 251 34
20 253 142
20 254 31
20 255 97
20 256 59
20 258 7
20 260 16
20 261 317
20 262 57
20 264 7
20 265 1086
20 266 3
20 267 101
20 268 306
20 269 29
20 270 244
20 271 4
20 273 37
20 274 75
20 275 89
20 276 99
20 279 2
20 280 242
20 281 63
20 282 44
20 283 155
20 284 13
20 287 9
20 288 93
20 289 6
20 290 6
20 291 10
20 292 72
20 294 98
20 295 13
20 296 37
20 297 23
20 299 35
20 300 16
20 301 108
20 303 14
20 304 14
20 305 65
20 306 48
20 308 14
20 309 16
20 310 20
20 311 398
20 312 27
20 313 5
20 315 20
20 318 57
20 319 321
20 320 74
20 321 39
20 322 72
20 323 156
20 325 293
20 327 70
20 328 119
20 329 14
20 330 164
20 331 17
20 332 23
20 334 72
20 335 12
20 337 75
20 338 17
20 341 5
20 342 4
20 343 4
20 344 196
20 346 90
20 347 7
20 348 36
20 349 183
20 351 127
20 352 64
20 355 134
20 356 958
20 357 67
20 358 71
20 359 767
20 360 49
20 361 5
20 362 93
20 364 129
20 365 755
20 366 23
20 367 15
20 368 114
20 369 29
20 371 12
20 372 89
20 374 133
20 375 9
20 376 378
20 377 10
20 379 10
20 380 60
20 381 71
20 383 14
20 386 12
20 387 30
20 388 5
20 389 15
20 390 89
20 391 529
20 392 77
20 393 16
20 394 75
20 395 17
20 396 42
20 397 45
20 398 120
20 399 98
20 401 153
20 402 165
20 403 647
20 404 14
20 405 82
20 406 735
20 409 14
20 410 5
20 411 8
20 412 4
20 413 114
20 416 120
20 417 341
20 418 204
20 420 58
20 421 303
20 422 31
20 424 66
20 425 23
20 427 9
20 429 16
20 430 13
20 431 410
20 432 80
20 433 6
20 434 22
20 435 20
20 436 16
20 437 70
20 438 47
20 439 184
20 440 104
20 441 32
20 443 26
20 444 46
20 445 9
20 446 14
20 448 89
20 450 143
20 452 40
20 454 13
20 456 5
20 458 18
20 459 45
20 461 53
20 462 61
20 463 61
20 464 13
20 465 21
20 466 6
20 467 50
20 468 47
20 469 89
20 471 4
20 472 18
20 473 42
20 477 10
20 478 57
20 479 19
20 481 5
20 482 47
20 483 8
20 484 108
20 485 61
20 486 93
20 488 112
20 489 32
20 490 152
20 493 65
20 494 19
20 495 18
20 496 48
20 497 16
20 498 20
20 499 195
20 501 323
20 503 51
20 504 8
20 505 11
20 507 98
20 509 22
20 510 29
21 0 110
21 1 1
21 3 1
21 4 379
21 5 766
21 8 10
21 9 23
21 10 120
21 11 17
21 12 3
21 13 17
21 14 1
21 15 50
21 18 28
21 19 329
21 21 1
21 24 140
21 26 143
21 27 93
21 28 75
21 29 19
21 30 188
21 32 8
21 33 77
21 35 295
21 36 14
21 37 5
21 38 39
21 39 1
21 40 8
21 41 26
21 42 139
21 44 28
21 45 479
21 46 205
21 47 50
21 49 3
21 53 184
21 54 484
21 56 74
21 57 676
21 59 135
21 60 380
21 61 131
21 64 3
21 65 163
21 68 286
21 69 4
21 70 21
21 71 17
21 73 127
21 75 1
21 77 2
21 79 146
21 80 2
21 81 3
21 82 118
21 83 9
21 84 244
21 86 34
21 87 203
21 88 46
21 90 67
21 91 2
21 92 88
21 93 8
21 94 3
21 95 1
21 98 2
21 100 14
21 101 45
21 103 137
21 104 233
21 106 34
21 108 84
21 110 11
21 111 14
21 112 32
21 113 22
21 116 161
21 118 75
21 119 73
21 122 200
21 124 59
21 125 233
21 126 86
21 127 33
21 128 58
21 129 134
21 130 890
21 131 170
21 133 236
21 136 1
21 138 3
21 139 13
21 140 3
21 142 23
21 143 49
21 144 1
21 145 5
21 146 5
21 148 14
21 149 8
21 151 25
21 153 79
21 154 88
21 155 392
21 156 131
21 157 51
21 158 92
21 159 103
21 161 347
21 162 98
21 163 61
21 164 18
21 166 2
21 167 2
21 168 44
21 169 326
21 170 5
21 171 71
21 172 154
21 173 12
21 174 12
21 176 1
21 177 2
21 178 3
21 179 94
21 180 4
21 181 11
21 182 107
21 184 42
21 186 147
21 187 6
21 188 151
21 189 39
21 191 1404
21 193 85
21 195 36
21 196 34
21 197 61
21 200 47
21 201 79
21 202 87
21 203 78
21 204 3
21 205 230
21 206 213
21 208 96
21 210 4
21 211 187
21 212 146
21 213 159
21 214 9
21 215 30
21 216 20
21 220 82
21 221 66
21 222 9
21 223 1
21 224 101
21 227 2
21 228 335
21 230 32
21 232 5
21 233 1
21 237 8
21 239 273
21 240 2
21 241 15
21 244 338
21 245 6
21 246 133
21 248 9
21 249 40
21 251 45
21 252 1
21 253 106
21 254 10
21 255 545
21 256 24
21 257 16
21 259 151
21 260 237
21 261 63
21 262 10
21 264 2
21 266 283
21 267 2
21 268 3
21 269 105
21 273 32
21 274 407
21 275 65
21 276 18
21 278 26
21 279 536
21 280 3
21 284 108
21 285 5
21 286 45
21 287 77
21 288 17
21 290 7
21 292 1
21 293 12
21 294 11
21 295 90
21 296 4
21 298 17
21 299 244
21 300 274
21 301 6
21 302 2
21 303 421
21 304 293
21 305 34
21 306 79
21 308 1
21 309 11
21 310 29
21 311 67
21 313 365
21 316 1057
21 318 43
21 320 32
21 321 70
21 322 1
21 323 2
21 325 37
21 326 33
21 327 10
21 328 4
21 329 406
21 331 3
21 332 169
21 335 9
21 336 5
21 337 34
21 338 30
21 339 11
21 340 11
21 341 523
21 342 7
21 343 4
21 345 4
21 346 23
21 347 3
21 348 8
21 350 41
21 351 9
21 352 2
21 353 287
21 354 12
21 355 3
21 356 63
21 357 25
21 358 2
21 359 29
21 360 23
21 361 73
21 362 82
21 363 4
21 364 85
21 365 45
21 367 80
21 368 55
21 370 119
21 371 69
21 372 18
21 373 29
21 375 1
21 377 6
21 378 36
21 379 3
21 380 994
21 381 133
21 382 3
21 384 467
21 385 824
21 386 7
21 387 46
21 388 31
21 389 273
21 391 4
21 392 12
21 395 97
21 396 109
21 397 27
21 398 238
21 399 63
21 400 11
21 401 2
21 403 25
21 404 306
21 405 7
21 406 32
21 407 238
21 408 342
21 410 22
21 411 1
21 412 22
21 413 81
21 414 47
21 415 431
21 416 114
21 417 16
21 419 28
21 420 554
21 421 24
21 422 522
21 423 74
21 425 241
21 426 10
21 429 99
21 430 13
21 432 159
21 433 29
21 435 128
21 436 3
21 437 8
21 440 9
21 442 10
21 443 6
21 445 303
21 447 881
21 448 75
21 449 79
21 450 77
21 451 46
21 452 3
21 453 336
21 455 3
21 456 84
21 458 206
21 459 20
21 460 76
21 461 9
21 463 1
21 464 17
21 465 6
21 467 22
21 469 1
21 470 31
21 473 40
21 476 1
21 480 90
21 481 70
21 483 155
21 484 255
21 486 250
21 487 125
21 488 46
21 489 117
21 490 74
21 491 147
21 492 40
21 493 34
21 494 200
21 496 27
21 497 65
21 498 152
21 499 67
21 500 12
21 503 166
21 504 10
21 505 9
21 506 42
21 507 3
21 509 31
21 510 13
21 511 10
22 0 3
22 1 294
22 2 2
22 3 333
22 5 38
22 8 1375
22 9 127
22 10 283
22 11 103
22 12 24
22 13 1
22 16 175
22 17 14
22 18 386
22 21 19
22 23 381
22 24 142
22 25 76
22 29 86
22 30 50
22 33 25
22 34 14
22 36 265
22 37 85
22 38 22
22 40 25
22 42 102
22 43 55
22 44 82
22 45 8
22 46 91
22 48 46
22 49 185
22 50 186
22 52 30
22 53 23
22 55 27
22 56 109
22 58 69
22 60 35
22 61 2
22 62 55
22 65 4
22 66 85
22 68 20
22 69 26
22 70 8
22 71 28
22 74 6
22 75 97
22 76 173
22 77 213
22 80 42
22 81 5
22 82 18
22 83 36
22 84 24
22 85 55
22 87 25
22 88 1
22 89 87
22 91 11
22 92 57
22 93 19
22 94 20
22 95 10
22 96 2
22 97 77
22 98 10
22 99 122
22 100 2
22 101 1066
22 103 1
22 105 122
22 106 65
22 108 211
22 109 332
22 110 32
22 111 4
22 112 117
22 113 50
22 115 2
22 116 7
22 118 411
22 121 33
22 122 10
22 123 8
22 124 172
22 125 15
22 126 40
22 127 60
22 128 56
22 129 120
22 130 80
22 132 32
22 133 57
22 135 2
22 137 334
22 138 31
22 139 59
22 140 2
22 141 29
22 142 293
22 143 237
22 147 228
22 148 12
22 149 453
22 151 8
22 152 76
22 153 310
22 155 85
22 157 52
22 158 57
22 159 48
22 160 3
22 161 450
22 162 37
22 163 148
22 164 12
22 165 28
22 166 13
22 167 5
22 169 20
22 170 65
22 171 3
22 172 21
22 174 361
22 175 4
22 176 1
22 177 4
22 178 25
22 179 6
22 180 10
22 182 2
22 184 128
22 186 167
22 187 866
22 188 40
22 189 246
22 191 12
22 192 137
22 193 26
22 194 61
22 200 19
22 201 48
22 202 152
22 204 92
22 205 1
22 206 3
22 208 374
22 209 6
22 210 27
22 212 40
22 213 63
22 214 17
22 215 42
22 216 24
22 217 6
22 218 40
22 219 127
22 221 55
22 222 12
22 223 27
22 224 2
22 225 17
22 226 79
22 227 47
22 229 29
22 230 2
22 231 1
22 232 450
22 233 164
22 236 853
22 237 10
22 238 1
22 239 27
22 240 18
22 241 11
22 242 24
22 243 8
22 244 2
22 246 4
22 248 3
22 249 864
22 251 177
22 252 105
22 253 5
22 254 121
22 255 146
22 259 450
22 260 12
22 261 11
22 262 21
22 264 66
22 265 82
22 267 554
22 268 12
22 269 648
22 270 18
22 272 11
22 273 18
22 275 21
22 276 3
22 278 2
22 279 324
22 280 14
22 282 2
22 283 37
22 284 839
22 285 9
22 286 695
22 287 1
22 288 41
22 289 12
22 291 8
22 292 6
22 295 7
22 297 58
22 298 309
22 299 20
22 300 261
22 301 1
22 304 294
22 305 73
22 306 16
22 307 92
22 308 134
22 311 330
22 313 2
22 314 143
22 316 4
22 318 1
22 319 15
22 321 718
22 322 1
22 325 1
22 326 114
22 327 45
22 328 62
22 329 15
22 330 161
22 332 631
22 333 565
22 335 27
22 336 19
22 337 7
22 339 19
22 340 7
22 341 51
22 342 312
22 343 2
22 344 25
22 345 48
22 346 80
22 347 1
22 348 2
22 349 1
22 350 6
22 351 8
22 352 17
22 353 2
22 356 3
22 357 206
22 358 16
22 359 3
22 360 45
22 361 2
22 362 24
22 363 3
22 364 5
22 365 231
22 366 9
22 367 3
22 368 30
22 369 16
22 370 9
22 371 170
22 372 213
22 374 56
22 377 1
22 378 154
22 380 1
22 382 131
22 384 50
22 385 5
22 386 59
22 387 40
22 389 69
22 390 1
22 391 9
22 392 99
22 395 6
22 397 79
22 399 1
22 401 34
22 402 10
22 403 48
22 404 5
22 405 32
22 406 100
22 407 1010
22 408 4
22 410 39
22 412 1
22 413 60
22 416 2
22 418 1
22 419 7
22 420 4
22 421 19
22 422 42
22 423 44
22 424 473
22 425 3
22 426 103
22 427 12
22 428 7
22 429 48
22 431 466
22 433 3
22 434 21
22 435 5
22 437 691
22 438 430
22 439 1
22 440 12
22 441 156
22 442 102
22 443 542
22 444 1
22 447 15
22 449 25
22 450 14
22 451 87
22 452 5
22 453 180
22 454 12
22 455 1
22 456 24
22 459 17
22 460 4
22 461 126
22 464 18
22 465 214
22 467 47
22 468 1
22 469 39
22 470 15
22 471 41
22 473 38
22 475 31
22 476 22
22 477 29
22 478 9
22 479 8
22 480 141
22 481 2
22 482 63
22 483 1
22 484 4
22 485 51
22 486 11
22 487 477
22 490 133
22 491 82
22 492 11
22 493 39
22 495 510
22 496 33
22 497 48
22 501 6
22 503 3
22 504 161
22 505 1
22 506 47
22 507 500
22 509 9
22 510 350
22 511 3
23 2 7
23 3 68
23 4 15
23 5 5
23 6 88
23 7 46
23 8 55
23 9 17
23 10 32
23 11 2
23 12 25
23 14 5
23 16 5
23 17 3
23 19 11
23 20 61
23 21 24
23 22 36
23 23 105
23 24 1
23 25 779
23 27 31
23 29 184
23 30 36
23 31 70
23 32 95
23 34 2
23 35 14
23 36 685
23 39 88
23 40 84
23 42 11
23 43 155
23 44 14
23 45 57
23 46 38
23 48 328
23 49 42
23 50 19
23 54 62
23 55 29
23 56 35
23 57 137
23 58 18
23 61 417
23 62 65
23 63 42
23 64 2
23 65 79
23 68 219
23 69 27
23 70 15
23 72 24
23 73 82
23 74 96
23 75 4
23 76 335
23 77 219
23 78 76
23 81 11
23 82 159
23 83 15
23 84 6
23 86 384
23 88 6
23 90 49
23 91 40
23 92 11
23 93 4
23 94 18
23 95 9
23 96 745
23 98 20
23 100 74
23 101 231
23 102 300
23 104 237
23 105 85
23 107 21
23 109 10
23 110 13
23 111 308
23 112 579
23 114 188
23 115 240
23 116 31
23 117 46
23 118 11
23 122 96
23 123 21
23 124 16
23 128 8
23 129 10
23 130 9
23 131 113
23 132 60
23 134 8
23 136 75
23 138 10
23 139 4
23 140 86
23 144 8
23 146 40
23 147 3
23 148 29
23 149 167
23 151 78
23 152 85
23 154 28
23 155 25
23 156 27
23 157 189
23 158 74
23 159 117
23 160 4
23 161 2
23 162 20
23 164 15
23 165 2
23 166 108
23 168 4
23 169 1
23 170 501
23 171 188
23 172 2
23 173 113
23 174 412
23 175 6
23 177 9
23 178 1061
23 179 3
23 180 26
23 181 79
23 183 505
23 184 40
23 185 6
23 186 5
23 188 31
23 190 6
23 191 248
23 193 77
23 194 66
23 195 156
23 197 60
23 198 99
23 199 4
23 200 4
23 202 279
23 203 17
23 204 77
23 207 15
23 208 38
23 210 9
23 211 34
23 212 4
23 213 405
23 214 196
23 215 3
23 216 12
23 217 9
23 218 105
23 219 321
23 220 63
23 221 19
23 222 86
23 223 1
23 224 2
23 225 7
23 226 64
23 227 10
23 228 7
23 230 5
23 231 22
23 232 292
23 234 191
23 235 4
23 236 95
23 237 53
23 238 95
23 239 515
23 240 20
23 241 276
23 242 30
23 243 4
23 244 13
23 245 31
23 246 2
23 247 44
23 248 4
23 249 12
23 250 4
23 251 17
23 252 3
23 253 20
23 255 4
23 257 1
23 259 399
23 260 7
23 261 571
23 262 125
23 264 22
23 265 6
23 266 72
23 267 20
23 269 3
23 270 67
23 271 14
23 272 146
23 274 514
23 275 162
23 276 65
23 281 10
23 282 147
23 283 25
23 286 8
23 287 7
23 289 778
23 290 434
23 291 3
23 292 17
23 293 36
23 294 17
23 295 97
23 298 200
23 300 21
23 301 9
23 302 64
23 303 46
23 304 120
23 305 6
23 306 118
23 307 1055
23 308 2
23 309 11
23 310 78
23 311 31
23 312 3
23 313 16
23 314 6
23 315 89
23 316 7
23 317 25
23 318 7
23 319 181
23 321 25
23 322 38
23 324 3
23 325 136
23 326 10
23 328 13
23 329 49
23 330 69
23 331 25
23 332 106
23 333 31
23 334 85
23 336 16
23 337 7
23 338 4
23 339 10
23 341 73
23 342 436
23 343 355
23 344 5
23 345 14
23 346 56
23 347 2
23 349 16
23 351 4
23 352 8
23 353 133
23 354 2
23 355 212
23 356 3
23 358 60
23 359 59
23 360 2
23 361 103
23 362 4
23 363 135
23 364 66
23 367 379
23 369 52
23 370 421
23 371 19
23 372 135
23 373 76
23 374 13
23 376 353
23 377 302
23 378 73
23 379 85
23 381 215
23 382 19
23 383 18
23 384 8
23 385 94
23 386 40
23 387 98
23 389 9
23 390 145
23 391 18
23 392 9
23 393 73
23 394 34
23 395 381
23 396 394
23 398 9
23 399 26
23 401 1
23 403 24
23 404 2
23 405 26
23 406 21
23 408 7
23 409 447
23 410 16
23 411 123
23 413 9
23 414 101
23 416 183
23 417 4
23 419 124
23 420 3
23 421 35
23 422 35
23 425 2
23 427 7
23 429 450
23 432 162
23 433 28
23 434 128
23 435 872
23 437 28
23 439 43
23 440 74
23 442 10
23 443 92
23 446 66
23 447 13
23 449 567
23 450 313
23 451 16
23 453 5
23 454 5
23 455 73
23 456 38
23 457 386
23 458 45
23 459 11
23 460 23
23 462 21
23 463 4
23 465 22
23 468 2
23 469 33
23 470 45
23 471 62
23 472 44
23 475 101
23 477 217
23 478 1
23 479 3
23 484 103
23 485 2
23 486 60
23 487 11
23 488 136
23 490 394
23 491 2
23 496 6
23 497 12
23 498 2
23 499 11
23 500 483
23 501 14
23 502 11
23 503 225
23 504 8
23 506 22
23 507 12
23 508 192
23 509 768
23 510 641
24 1 57
24 2 37
24 4 28
24 5 7
24 6 205
24 8 52
24 10 1
24 11 38
24 12 25
24 13 29
24 14 148
24 17 3
24 18 17
24 21 343
24 22 3
24 23 1
24 26 215
24 27 4
24 28 4
24 29 1
24 30 315
24 31 26
24 32 138
24 33 30
24 34 319
24 35 31
24 36 15
24 37 7
24 38 116
24 39 91
24 40 17
24 41 748
24 42 64
24 43 1
24 45 11
24 46 24
24 47 203
24 51 46
24 52 2
24 56 8
24 58 137
24 59 7
24 60 116
24 61 78
24 63 63
24 64 157
24 66 153
24 67 128
24 69 2
24 70 486
24 71 35
24 72 11
24 73 51
24 74 6
24 75 5
24 76 1
24 79 93
24 80 21
24 81 216
24 82 1
24 83 308
24 84 486
24 85 2
24 86 6
24 87 355
24 88 2
24 89 52
24 91 36
24 92 37
24 93 59
24 95 18
24 96 1
24 97 17
24 98 40
24 100 85
24 101 88
24 102 292
24 106 4
24 107 5
24 108 2
24 110 11
24 112 42
24 113 69
24 114 3
24 115 94
24 119 1
24 120 61
24 121 1
24 122 423
24 123 49
24 125 284
24 127 13
24 130 61
24 131 353
24 132 21
24 134 1
24 135 4
24 136 7
24 137 1
24 138 34
24 139 2
24 140 93
24 142 329
24 143 36
24 144 13
24 145 9
24 146 244
24 148 21
24 149 3
24 151 828
24 152 1
24 155 1
24 156 1
24 157 2
24 158 151
24 159 975
24 161 5
24 164 267
24 165 9
24 166 253
24 167 127
24 168 456
24 170 30
24 171 2
24 172 2
24 173 5
24 174 7
24 175 49
24 176 92
24 177 65
24 178 74
24 179 6
24 180 107
24 181 22
24 182 2
24 186 3
24 187 10
24 188 38
24 189 9
24 190 41
24 191 1
24 193 6
24 194 126
24 195 195
24 196 78
24 197 63
24 198 7
24 200 249
24 201 4
24 202 20
24 204 168
24 205 48
24 206 1
24 207 5
24 208 1
24 209 109
24 210 1
24 211 24
24 212 389
24 213 5
24 214 9
24 215 50
24 216 388
24 217 2
24 219 17
24 220 33
24 221 5
24 223 4
24 225 1
24 226 8
24 227 117
24 230 4
24 231 17
24 233 2
24 234 97
24 235 114
24 236 166
24 239 10
24 240 149
24 241 38
24 242 172
24 243 2
24 244 97
24 245 131
24 247 18
24 248 3
24 249 74
24 250 159
24 251 292
24 255 219
24 256 1
24 257 3
24 258 66
24 259 16
24 260 7
24 264 84
24 265 6
24 266 16
24 267 4
24 269 32
24 270 60
24 271 246
24 272 2019
24 273 63
24 274 206
24 275 80
24 277 2
24 278 167
24 281 1
24 282 12
24 283 4
24 284 5
24 285 2
24 286 3
24 289 198
24 290 33
24 291 41
24 292 100
24 293 332
24 294 960
24 296 22
24 298 1
24 299 235
24 300 1
24 301 40
24 302 119
24 303 79
24 305 23
24 307 77
24 309 2
24 310 164
24 312 103
24 313 13
24 317 215
24 318 23
24 320 58
24 321 277
24 322 211
24 323 1
24 324 30
24 325 4
24 326 66
24 327 261
24 328 902
24 329 218
24 330 4
24 333 111
24 334 16
24 335 34
24 336 74
24 337 7
24 338 26
24 340 63
24 341 48
24 342 35
24 343 2
24 344 1134
24 345 909
24 346 46
24 347 129
24 348 104
24 349 2
24 350 44
24 352 505
24 353 29
24 354 333
24 355 119
24 356 2
24 357 5
24 358 19
24 359 91
24 362 3
24 363 14
24 364 87
24 365 3
24 366 24
24 367 111
24 368 2
24 370 1
24 371 18
24 372 63
24 373 1118
24 374 268
24 376 1
24 377 67
24 378 188
24 379 1
24 380 20
24 381 5
24 384 33
24 385 65
24 386 33
24 387 792
24 389 15
24 390 1
24 392 1
24 394 102
24 396 102
24 398 2
24 400 144
24 401 1
24 402 18
24 403 18
24 404 1
24 405 6
24 406 305
24 407 28
24 408 2
24 410 10
24 411 33
24 412 241
24 414 11
24 415 3
24 418 3
24 419 1
24 421 9
24 422 189
24 423 1
24 424 591
24 425 2
24 426 21
24 427 94
24 428 9
24 430 545
24 431 1
24 432 101
24 433 350
24 434 3
24 435 40
24 437 49
24 438 202
24 441 254
24 442 4
24 443 10
24 444 32
24 445 2
24 447 7
24 448 41
24 450 6
24 451 13
24 453 2
24 454 5
24 457 4
24 459 3
24 461 3
24 464 4
24 465 10
24 466 124
24 467 454
24 468 45
24 471 226
24 472 155
24 473 146
24 474 84
24 476 1
24 477 196
24 479 250
24 480 217
24 482 41
24 483 4
24 484 12
24 485 28
24 486 3
24 487 3
24 488 86
24 489 75
24 490 10
24 491 10
24 492 1
24 495 14
24 496 171
24 497 3
24 498 3
24 499 2
24 500 14
24 501 164
24 503 122
24 504 2
24 505 1
24 506 7
24 507 4
24 508 35
24 509 6
24 511 4
25 0 2
25 1 16
25 2 74
25 3 38
25 5 27
25 6 40
25 8 5
25 9 13
25 11 114
25 12 209
25 14 5
25 15 2
25 16 278
25 17 5
25 19 10
25 21 131
25 22 10
25 23 22
25 24 9
25 25 376
25 26 35
25 27 62
25 28 1
25 29 16
25 30 107
25 32 11
25 33 18
25 34 112
25 35 76
25 36 51
25 37 90
25 38 28
25 39 159
25 41 5
25 42 115
25 43 156
25 44 14
25 45 8
25 46 83
25 47 11
25 48 193
25 50 657
25 51 4
25 52 129
25 53 1
25 56 12
25 57 12
25 59 24
25 60 8
25 61 1
25 62 19
25 63 96
25 64 19
25 65 156
25 66 108
25 67 9
25 70 5
25 71 4
25 72 11
25 73 8
25 75 794
25 76 11
25 77 107
25 78 177
25 80 139
25 81 192
25 82 9
25 83 406
25 84 512
25 85 58
25 87 164
25 88 168
25 89 6
25 92 127
25 93 28
25 95 2
25 96 90
25 97 28
25 98 6
25 99 254
25 101 27
25 102 48
25 105 67
25 106 40
25 107 63
25 108 9
25 109 1
25 110 7
25 112 5
25 113 23
25 114 35
25 115 29
25 116 8
25 117 2
25 118 115
25 121 7
25 123 91
25 124 20
25 125 9
25 126 24
25 127 302
25 128 1
25 129 39
25 132 12
25 133 970
25 134 56
25 135 3
25 136 37
25 137 4
25 138 162
25 142 2
25 143 13
25 144 23
25 148 66
25 149 12
25 150 47
25 151 16
25 152 439
25 153 3
25 157 27
25 158 29
25 159 8
25 160 6
25 161 144
25 162 1
25 163 11
25 164 3
25 165 12
25 166 102
25 168 52
25 169 2
25 171 19
25 172 108
25 173 4
25 174 300
25 175 167
25 176 149
25 177 1
25 180 8
25 182 5
25 183 7
25 184 17
25 185 55
25 186 43
25 187 77
25 188 28
25 189 87
25 191 12
25 194 135
25 196 4
25 197 13
25 199 19
25 200 43
25 201 672
25 202 245
25 203 30
25 205 8
25 206 20
25 207 469
25 208 18
25 209 202
25 211 27
25 213 4
25 214 61
25 215 3
25 216 33
25 217 9
25 218 21
25 219 24
25 220 4
25 222 6
25 223 47
25 224 4
25 225 1
25 226 77
25 227 4
25 228 2
25 230 182
25 231 53
25 232 13
25 233 1
25 234 4
25 235 406
25 237 17
25 238 9
25 241 24
25 242 30
25 243 17
25 245 37
25 246 2
25 247 254
25 248 73
25 250 22
25 251 4
25 252 63
25 254 1
25 255 46
25 256 4
25 257 8
25 258 88
25 259 226
25 261 98
25 263 8
25 264 45
25 265 62
25 266 219
25 267 8
25 268 60
25 269 213
25 270 77
25 271 1125
25 272 7
25 273 19
25 274 541
25 275 115
25 276 2
25 277 5
25 278 80
25 279 51
25 280 10
25 283 494
25 284 24
25 285 12
25 286 59
25 287 16
25 289 71
25 290 16
25 291 39
25 292 38
25 293 58
25 294 29
25 296 118
25 297 399
25 299 11
25 300 2
25 302 9
25 303 15
25 305 102
25 307 150
25 308 194
25 309 245
25 310 20
25 311 180
25 312 371
25 314 62
25 317 3
25 319 47
25 320 7
25 322 84
25 323 18
25 324 336
25 325 101
25 328 236
25 329 121
25 331 17
25 333 7
25 334 1
25 335 324
25 337 838
25 339 116
25 340 4
25 342 1359
25 344 14
25 345 8
25 346 12
25 347 15
25 348 16
25 349 43
25 352 30
25 353 7
25 354 171
25 355 4
25 356 5
25 357 121
25 359 32
25 361 358
25 362 4
25 363 3
25 364 115
25 366 19
25 367 100
25 368 140
25 369 334
25 370 164
25 371 284
25 372 428
25 374 6
25 375 38
25 376 39
25 377 1240
25 379 306
25 380 5
25 381 27
25 382 116
25 385 865
25 387 27
25 391 42
25 392 180
25 393 40
25 394 57
25 395 9
25 397 45
25 398 15
25 399 8
25 400 84
25 401 81
25 402 1
25 403 4
25 404 195
25 405 12
25 406 73
25 407 39
25 408 66
25 409 8
25 412 242
25 413 7
25 415 20
25 416 96
25 417 152
25 418 118
25 420 38
25 424 10
25 425 4
25 426 27
25 427 24
25 428 3
25 430 296
25 431 213
25 433 18
25 435 11
25 436 206
25 438 23
25 439 4
25 440 26
25 442 664
25 444 181
25 447 4
25 448 72
25 450 8
25 452 3
25 453 3
25 455 87
25 456 61
25 457 7
25 459 17
25 460 18
25 462 77
25 463 3
25 464 19
25 467 46
25 468 2
25 469 20
25 470 19
25 474 71
25 475 610
25 476 38
25 477 385
25 479 33
25 481 46
25 484 301
25 485 231
25 486 10
25 487 3
25 489 282
25 490 15
25 491 773
25 492 21
25 493 447
25 494 38
25 495 27
25 497 253
25 498 98
25 499 67
25 500 6
25 501 8
25 502 16
25 503 79
25 504 379
25 505 1
25 506 178
25 507 61
25 509 91
25 510 7
25 511 13
26 0 14
26 1 36
26 2 28
26 3 11
26 4 96
26 5 383
26 6 48
26 7 6
26 8 170
26 9 119
26 10 218
26 11 23
26 12 20
26 13 109
26 14 37
26 16 198
26 18 28
26 19 47
26 21 15
26 22 556
26 24 36
26 25 28
26 26 36
26 27 109
26 28 66
26 29 58
26 30 6
26 31 126
26 34 27
26 35 8
26 36 26
26 37 50
26 38 244
26 39 6
26 40 4
26 42 27
26 43 38
26 44 173
26 46 17
26 48 130
26 50 127
26 51 4
26 53 6
26 54 83
26 57 115
26 58 37
26 59 22
26 60 85
26 61 3
26 62 8
26 63 3
26 64 80
26 65 53
26 67 11
26 68 119
26 70 36
26 71 41
26 72 6
26 73 9
26 74 10
26 79 297
26 80 5
26 82 34
26 84 50
26 85 15
26 87 198
26 89 164
26 90 1219
26 91 7
26 93 47
26 94 127
26 95 85
26 96 173
26 97 33
26 100 19
26 101 13
26 102 21
26 103 8
26 104 17
26 105 182
26 106 48
26 107 45
26 108 107
26 109 12
26 110 28
26 111 3
26 112 18
26 114 161
26 115 332
26 117 20
26 118 49
26 119 4
26 120 138
26 121 231
26 122 33
26 124 36
26 127 6
26 128 78
26 131 9
26 132 179
26 133 27
26 134 7
26 136 333
26 137 7
26 139 57
26 140 6
26 141 20
26 143 5
26 144 509
26 145 1
26 146 3
26 148 30
26 149 350
26 150 87
26 151 23
26 152 37
26 153 292
26 155 415
26 156 2
26 160 41
26 161 20
26 163 13
26 164 122
26 165 90
26 168 66
26 171 685
26 172 76
26 173 14
26 174 198
26 175 26
26 176 17
26 177 183
26 178 9
26 179 955
26 180 371
26 181 67
26 183 23
26 184 79
26 185 57
26 186 6
26 187 20
26 188 121
26 189 200
26 191 443
26 193 14
26 194 91
26 198 17
26 199 26
26 201 80
26 202 12
26 203 120
26 204 3
26 205 43
26 206 12
26 208 8
26 209 446
26 210 553
26 211 3
26 212 5
26 213 11
26 214 104
26 215 29
26 216 5
26 217 58
26 219 22
26 220 163
26 221 47
26 222 6
26 223 176
26 224 37
26 225 155
26 226 31
26 227 81
26 229 8
26 230 11
26 231 69
26 232 176
26 233 8
26 235 27
26 236 9
26 237 89
26 238 11
26 239 84
26 240 139
26 241 5
26 242 7
26 243 318
26 245 741
26 246 2
26 247 302
26 248 8
26 249 80
26 250 13
26 252 127
26 253 43
26 254 204
26 255 828
26 256 19
26 257 30
26 258 63
26 259 247
26 260 10
26 261 20
26 262 62
26 264 23
26 265 723
26 266 55
26 268 4
26 269 6
26 270 5
26 271 12
26 272 12
26 273 131
26 275 56
26 277 6
26 281 28
26 282 3
26 284 115
26 285 54
26 286 147
26 287 14
26 288 110
26 290 154
26 291 4
26 293 5
26 296 23
26 297 4
26 298 127
26 299 15
26 300 109
26 301 198
26 302 7
26 303 121
26 304 80
26 306 10
26 307 10
26 310 3
26 311 72
26 312 40
26 314 36
26 316 7
26 317 148
26 318 102
26 320 132
26 322 221
26 323 135
26 324 309
26 325 172
26 326 29
26 327 4
26 328 4
26 329 16
26 330 12
26 331 4
26 332 2
26 333 5
26 334 11
26 335 11
26 336 5
26 338 178
26 339 157
26 340 183
26 341 6
26 342 19
26 343 362
26 344 393
26 346 59
26 347 112
26 349 128
26 350 959
26 351 82
26 352 27
26 354 14
26 356 164
26 357 183
26 358 610
26 359 9
26 360 59
26 363 97
26 364 142
26 365 198
26 366 28
26 367 80
26 368 115
26 369 21
26 370 24
26 371 244
26 373 2
26 375 3
26 376 52
26 377 23
26 379 212
26 380 11
26 381 238
26 382 5
26 384 285
26 386 63
26 387 7
26 388 146
26 391 9
26 392 4
26 394 93
26 395 33
26 396 17
26 397 7
26 398 196
26 400 17
26 401 5
26 402 15
26 403 7
26 405 2
26 407 18
26 408 8
26 409 6
26 410 159
26 412 80
26 413 19
26 414 79
26 415 93
26 416 10
26 417 37
26 418 42
26 420 80
26 421 133
26 422 188
26 423 19
26 425 54
26 427 149
26 428 19
26 429 6
26 431 8
26 432 14
26 433 30
26 434 10
26 435 17
26 437 76
26 438 335
26 439 27
26 441 95
26 443 106
26 445 3
26 447 541
26 449 114
26 450 122
26 451 9
26 452 4
26 453 68
26 454 354
26 455 247
26 457 76
26 459 27
26 461 544
26 462 56
26 463 4
26 465 501
26 466 235
26 467 12
26 468 512
26 470 266
26 472 11
26 473 93
26 476 23
26 477 5
26 480 69
26 482 19
26 484 29
26 486 3
26 488 39
26 489 111
26 492 181
26 494 54
26 495 10
26 496 51
26 497 6
26 498 322
26 500 11
26 501 85
26 504 7
26 506 41
26 507 98
26 508 15
26 509 153
26 510 26
26 511 202
27 0 28
27 1 29
27 2 40
27 5 901
27 6 125
27 7 719
27 9 41
27 10 13
27 11 20
27 13 68
27 15 304
27 16 5
27 17 650
27 18 147
27 19 100
27 20 5
27 21 38
27 22 28
27 23 7
27 24 23
27 25 23
27 26 5
27 27 25
27 28 125
27 29 27
27 30 97
27 32 187
27 33 16
27 35 104
27 36 47
27 37 19
27 38 144
27 39 74
27 40 36
27 41 7
27 43 76
27 44 10
27 45 8
27 47 5
27 49 56
27 51 90
27 52 32
27 54 394
27 55 180
27 56 36
27 57 145
27 58 60
27 59 96
27 60 77
27 61 25
27 63 164
27 64 119
27 66 211
27 67 99
27 69 50
27 70 81
27 71 6
27 72 166
27 73 16
27 74 66
27 75 151
27 76 155
27 77 19
27 79 88
27 80 47
27 81 63
27 82 25
27 83 91
27 84 209
27 86 34
27 87 39
27 89 24
27 90 164
27 91 13
27 93 68
27 95 152
27 96 27
27 97 45
27 98 20
27 99 150
27 101 125
27 102 319
27 103 49
27 104 67
27 105 82
27 106 79
27 107 30
27 108 85
27 109 287
27 110 123
27 111 9
27 112 87
27 113 54
27 114 8
27 115 101
27 117 15
27 118 97
27 120 45
27 122 67
27 123 16
27 124 132
27 125 303
27 126 11
27 127 281
27 128 57
27 130 79
27 131 6
27 132 64
27 133 23
27 134 142
27 135 67
27 136 49
27 137 82
27 138 315
27 139 118
27 140 26
27 141 197
27 143 805
27 144 81
27 146 16
27 147 13
27 149 42
27 152 56
27 155 162
27 156 151
27 158 50
27 161 79
27 163 5
27 164 199
27 165 19
27 166 19
27 167 16
27 168 36
27 171 157
27 172 73
27 173 201
27 174 18
27 175 210
27 177 37
27 179 65
27 180 38
27 182 17
27 183 10
27 185 73
27 186 97
27 187 283
27 188 18
27 189 157
27 190 56
27 194 41
27 195 93
27 196 59
27 197 22
27 198 40
27 199 68
27 203 41
27 204 44
27 205 486
27 206 136
27 207 80
27 208 70
27 209 74
27 210 127
27 211 24
27 212 18
27 213 35
27 215 113
27 218 43
27 219 24
27 220 42
27 221 237
27 222 30
27 223 101
27 225 55
27 227 19
27 228 40
27 231 55
27 233 38
27 234 62
27 235 53
27 237 100
27 238 21
27 240 18
27 241 10
27 242 67
27 243 233
27 244 136
27 245 42
27 246 31
27 248 9
27 250 93
27 251 15
27 252 370
27 253 28
27 254 139
27 255 28
27 256 97
27 257 111
27 259 45
27 260 148
27 261 139
27 262 70
27 263 7
27 264 49
27 265 7
27 266 48
27 267 19
27 269 106
27 270 213
27 271 24
27 274 47
27 275 30
27 276 46
27 277 41
27 278 9
27 279 84
27 280 117
27 282 18
27 284 142
27 285 20
27 286 55
27 288 14
27 290 14
27 291 22
27 292 38
27 294 143
27 295 238
27 296 8
27 299 46
27 301 8
27 302 25
27 303 47
27 304 13
27 306 130
27 308 429
27 310 12
27 311 333
27 312 75
27 313 115
27 314 469
27 315 148
27 316 4
27 317 84
27 318 46
27 319 131
27 320 151
27 321 10
27 323 48
27 325 527
27 326 327
27 327 70
27 328 62
27 329 101
27 330 34
27 331 181
27 332 7
27 335 117
27 336 23
27 337 26
27 339 61
27 341 35
27 342 79
27 343 129
27 345 31
27 346 7
27 347 10
27 349 24
27 350 147
27 351 141
27 352 74
27 354 157
27 355 125
27 356 135
27 358 88
27 361 297
27 362 245
27 363 280
27 364 17
27 367 8
27 368 18
27 369 46
27 370 40
27 371 196
27 372 16
27 374 23
27 375 48
27 376 174
27 377 71
27 378 42
27 379 36
27 381 52
27 383 47
27 384 6
27 388 8
27 389 143
27 393 41
27 394 145
27 395 966
27 398 23
27 400 56
27 402 33
27 404 49
27 405 15
27 406 109
27 407 216
27 408 187
27 409 32
27 410 9
27 412 166
27 414 29
27 415 137
27 417 17
27 418 15
27 419 468
27 423 77
27 425 261
27 426 168
27 427 17
27 428 223
27 429 271
27 430 128
27 431 20
27 433 99
27 434 333
27 435 28
27 436 9
27 438 135
27 441 36
27 442 96
27 444 46
27 446 159
27 447 301
27 448 158
27 449 80
27 452 239
27 453 15
27 454 45
27 455 19
27 456 19
27 457 12
27 458 102
27 459 32
27 460 234
27 461 63
27 462 168
27 463 85
27 464 147
27 465 65
27 466 315
27 468 40
27 469 51
27 470 34
27 471 141
27 472 32
27 473 158
27 474 95
27 475 360
27 477 27
27 479 84
27 480 108
27 481 12
27 482 132
27 484 173
27 485 56
27 486 14
27 487 12
27 488 16
27 489 48
27 490 558
27 491 45
27 492 108
27 493 10
27 494 20
27 495 47
27 498 11
27 500 46
27 502 12
27 503 97
27 504 184
27 505 92
27 506 72
27 508 76
27 509 14
27 511 71
28 0 266
28 2 89
28 3 24
28 4 258
28 5 27
28 7 5
28 9 30
28 11 108
28 12 5
28 13 529
28 15 46
28 16 10
28 17 192
28 19 356
28 20 13
28 22 26
28 23 6
28 24 15
28 25 1021
28 26 34
28 27 7
28 30 37
28 31 4
28 32 6
28 33 60
28 34 12
28 35 35
28 36 169
28 37 4
28 38 73
28 39 4
28 40 577
28 42 76
28 43 20
28 44 51
28 45 63
28 46 15
28 51 76
28 52 25
28 53 63
28 55 80
28 56 1434
28 58 40
28 59 377
28 61 14
28 62 42
28 64 711
28 65 161
28 66 9
28 68 234
28 69 265
28 70 19
28 71 682
28 72 7
28 73 44
28 74 32
28 75 102
28 76 24
28 77 47
28 78 59
28 79 32
28 80 28
28 83 6
28 84 4
28 85 3
28 86 115
28 87 42
28 89 30
28 90 145
28 92 23
28 93 6
28 94 23
28 96 54
28 97 14
28 98 119
28 99 8
28 100 11
28 102 83
28 103 86
28 105 182
28 106 13
28 108 25
28 109 75
28 110 181
28 111 224
28 112 224
28 115 24
28 116 138
28 118 19
28 120 91
28 122 822
28 123 79
28 124 50
28 125 5
28 126 38
28 128 33
28 129 139
28 130 39
28 131 173
28 132 71
28 134 35
28 138 4
28 139 5
28 140 241
28 141 25
28 142 192
28 143 156
28 144 72
28 145 46
28 146 83
28 147 26
28 149 135
28 150 13
28 151 6
28 152 129
28 153 60
28 154 447
28 155 15
28 157 8
28 158 205
28 160 60
28 161 320
28 162 4
28 163 30
28 165 410
28 166 74
28 168 25
28 169 106
28 171 422
28 172 43
28 173 16
28 174 475
28 175 91
28 176 63
28 177 6
28 178 16
28 180 101
28 181 110
28 182 4
28 183 3
28 184 692
28 185 4
28 186 91
28 187 96
28 188 40
28 189 28
28 191 68
28 192 8
28 193 153
28 196 45
28 197 8
28 199 30
28 201 100
28 203 57
28 204 53
28 207 164
28 210 129
28 211 10
28 213 36
28 214 92
28 215 29
28 217 49
28 218 14
28 221 12
28 222 94
28 223 3
28 224 8
28 225 16
28 226 508
28 227 3
28 228 125
28 230 86
28 231 1247
28 232 72
28 233 678
28 234 81
28 236 23
28 239 4
28 240 131
28 241 25
28 242 53
28 245 386
28 246 230
28 247 69
28 248 38
28 249 93
28 251 313
28 252 6
28 253 3
28 254 869
28 255 147
28 256 91
28 257 12
28 258 72
28 259 34
28 264 124
28 265 111
28 266 14
28 268 64
28 270 559
28 276 81
28 277 50
28 278 107
28 279 15
28 280 38
28 281 53
28 282 3
28 283 22
28 284 2
28 285 5
28 286 13
28 288 4
28 290 59
28 292 20
28 293 5
28 294 252
28 295 14
28 296 15
28 297 82
28 298 22
28 299 57
28 300 90
28 301 6
28 302 69
28 303 14
28 304 88
28 307 166
28 308 634
28 309 216
28 310 7
28 311 95
28 314 80
28 315 57
28 316 121
28 317 10
28 318 745
28 320 28
28 321 38
28 322 202
28 323 5
28 324 18
28 326 29
28 327 14
28 328 89
28 330 9
28 335 13
28 336 64
28 338 34
28 339 35
28 340 31
28 342 12
28 344 21
28 345 24
28 347 48
28 348 4
28 349 39
28 350 34
28 351 50
28 352 17
28 353 7
28 354 37
28 355 132
28 356 260
28 357 51
28 358 7
28 360 28
28 361 226
28 362 13
28 363 30
28 365 13
28 368 109
28 370 302
28 371 193
28 372 99
28 373 5
28 374 20
28 376 52
28 377 29
28 378 140
28 379 19
28 380 100
28 382 45
28 383 5
28 385 141
28 386 43
28 387 303
28 388 44
28 389 49
28 390 71
28 391 63
28 392 198
28 395 9
28 396 436
28 397 13
28 398 47
28 399 14
28 400 5
28 403 55
28 404 89
28 405 113
28 407 67
28 408 25
28 409 14
28 410 27
28 411 75
28 413 582
28 414 65
28 415 42
28 416 26
28 417 141
28 418 10
28 419 18
28 420 6
28 421 86
28 424 49
28 425 13
28 426 22
28 427 44
28 429 66
28 430 34
28 431 31
28 432 30
28 434 7
28 435 87
28 436 3
28 437 7
28 438 74
28 439 35
28 441 81
28 442 70
28 443 63
28 444 3
28 445 7
28 446 4
28 447 56
28 449 153
28 451 31
28 452 154
28 455 37
28 456 11
28 458 64
28 459 31
28 460 47
28 461 64
28 462 5
28 464 58
28 466 289
28 468 29
28 469 47
28 470 21
28 471 6
28 472 10
28 474 130
28 475 75
28 476 26
28 477 50
28 478 33
28 479 118
28 480 234
28 481 8
28 482 5
28 483 136
28 484 3
28 486 49
28 487 61
28 489 14
28 490 90
28 492 19
28 493 66
28 494 44
28 495 23
28 499 50
28 500 40
28 501 15
28 502 30
28 503 22
28 504 76
28 505 15
28 506 4
28 507 17
28 508 43
28 509 196
28 510 376
28 511 74
29 2 110
29 3 45
29 4 93
29 5 68
29 6 28
29 7 45
29 9 17
29 10 105
29 12 66
29 14 12
29 15 248
29 16 133
29 18 69
29 20 20
29 21 285
29 22 427
29 24 54
29 25 115
29 27 85
29 28 14
29 29 82
29 31 132
29 34 43
29 35 23
29 36 210
29 37 241
29 38 98
29 39 13
29 41 26
29 42 13
29 43 84
29 44 137
29 46 122
29 47 60
29 48 41
29 49 11
29 50 19
29 53 205
29 54 44
29 55 11
29 57 269
29 58 66
29 59 67
29 63 10
29 64 90
29 65 46
29 66 159
29 67 200
29 68 92
29 69 6
29 70 59
29 72 32
29 73 341
29 74 64
29 75 99
29 77 49
29 79 54
29 80 53
29 81 64
29 82 28
29 84 33
29 86 47
29 87 56
29 88 367
29 89 296
29 90 85
29 91 32
29 92 17
29 95 27
29 98 49
29 99 37
29 100 82
29 101 62
29 102 18
29 106 25
29 107 25
29 109 18
29 111 33
29 112 10
29 113 35
29 114 99
29 115 564
29 116 14
29 117 38
29 119 61
29 120 19
29 121 129
29 122 98
29 123 80
29 124 55
29 125 53
29 126 25
29 127 80
29 129 225
29 130 9
29 131 204
29 132 13
29 133 75
29 134 26
29 137 175
29 140 216
29 142 28
29 144 45
29 145 58
29 146 84
29 147 542
29 148 91
29 149 33
29 151 79
29 152 15
29 154 30
29 155 61
29 156 236
29 157 23
29 158 63
29 159 81
29 161 97
29 162 103
29 163 45
29 165 20
29 166 14
29 167 53
29 168 59
29 169 88
29 171 208
29 172 34
29 173 35
29 174 44
29 175 71
29 176 80
29 177 113
29 178 30
29 180 364
29 181 85
29 183 15
29 184 10
29 185 56
29 186 99
29 189 138
29 190 85
29 191 11
29 192 41
29 194 66
29 195 120
29 196 97
29 198 65
29 199 23
29 200 45
29 201 103
29 202 13
29 203 95
29 204 80
29 205 128
29 207 47
29 208 16
29 209 10
29 211 45
29 212 104
29 213 182
29 214 92
29 215 300
29 216 72
29 217 73
29 219 19
29 220 32
29 221 39
29 222 28
29 223 15
29 224 11
29 226 61
29 227 53
29 229 74
29 230 74
29 231 46
29 232 35
29 233 41
29 234 19
29 236 143
29 238 25
29 239 164
29 240 112
29 242 40
29 246 225
29 248 19
29 249 108
29 250 108
29 251 17
29 253 157
29 254 16
29 255 119
29 256 93
29 257 33
29 258 361
29 259 92
29 261 116
29 263 9
29 265 208
29 266 46
29 267 120
29 268 317
29 269 144
29 270 51
29 272 94
29 273 109
29 274 104
29 275 187
29 276 54
29 277 52
29 279 18
29 280 62
29 281 12
29 282 208
29 283 32
29 285 147
29 289 107
29 290 270
29 291 112
29 294 236
29 295 260
29 297 55
29 298 361
29 301 22
29 302 62
29 303 14
29 306 20
29 308 132
29 309 62
29 310 135
29 311 40
29 312 8
29 313 71
29 314 115
29 315 69
29 316 30
29 317 67
29 319 72
29 321 82
29 322 41
29 323 144
29 325 12
29 326 209
29 327 25
29 328 376
29 330 36
29 332 27
29 333 81
29 335 102
29 336 81
29 337 32
29 339 511
29 341 34
29 342 703
29 344 17
29 345 31
29 347 152
29 348 64
29 350 393
29 351 128
29 353 153
29 355 96
29 356 98
29 357 259
29 358 95
29 360 177
29 361 13
29 362 469
29 363 127
29 364 100
29 365 91
29 366 293
29 367 71
29 368 93
29 369 12
29 370 283
29 371 134
29 372 13
29 373 28
29 374 21
29 375 180
29 376 18
29 378 32
29 380 42
29 381 200
29 382 141
29 383 97
29 384 103
29 385 27
29 387 73
29 388 62
29 389 144
29 390 26
29 392 32
29 393 103
29 394 54
29 395 15
29 396 46
29 397 113
29 398 25
29 399 97
29 400 38
29 404 58
29 405 116
29 406 182
29 407 260
29 409 24
29 412 60
29 413 244
29 414 16
29 415 31
29 417 66
29 418 77
29 419 70
29 422 79
29 423 21
29 424 41
29 425 50
29 426 10
29 427 17
29 428 20
29 429 27
29 430 26
29 431 144
29 432 39
29 433 206
29 434 57
29 437 69
29 439 50
29 440 60
29 441 92
29 442 41
29 443 308
29 445 71
29 446 163
29 448 48
29 449 854
29 450 145
29 451 25
29 452 301
29 453 90
29 454 28
29 455 39
29 457 45
29 458 139
29 459 13
29 460 35
29 461 61
29 462 55
29 463 162
29 464 85
29 466 124
29 467 81
29 468 55
29 469 1321
29 471 116
29 472 27
29 474 12
29 476 96
29 478 286
29 479 84
29 480 28
29 481 41
29 482 59
29 483 184
29 487 41
29 488 28
29 490 79
29 491 179
29 492 17
29 493 27
29 496 218
29 497 92
29 498 79
29 499 15
29 500 95
29 501 59
29 503 68
29 504 19
29 505 130
29 506 62
29 507 36
29 508 143
29 509 61
29 510 53
29 511 23
30 0 95
30 2 32
30 3 25
30 5 141
30 6 56
30 7 79
30 8 42
30 11 83
30 12 74
30 13 303
30 15 40
30 18 126
30 19 33
30 20 49
30 21 40
30 22 143
30 23 86
30 24 127
30 27 43
30 29 58
30 31 131
30 33 93
30 34 72
30 35 95
30 36 38
30 37 182
30 38 120
30 39 18
30 40 75
30 42 24
30 43 40
30 44 139
30 45 46
30 47 157
30 48 59
30 49 13
30 50 17
30 51 46
30 52 35
30 53 168
30 54 93
30 58 39
30 59 60
30 60 66
30 61 26
30 62 116
30 63 51
30 64 162
30 65 55
30 67 56
30 69 109
30 73 126
30 74 67
30 75 15
30 76 41
30 78 29
30 79 96
30 80 73
30 83 92
30 85 128
30 86 62
30 87 160
30 88 52
30 89 91
30 90 23
30 91 72
30 93 122
30 94 92
30 95 30
30 96 21
30 98 27
30 99 65
30 100 82
30 101 124
30 102 232
30 103 414
30 104 33
30 109 151
30 110 90
30 111 18
30 113 118
30 114 127
30 115 51
30 117 34
30 118 41
30 119 106
30 120 48
30 121 60
30 123 37
30 125 50
30 126 68
30 127 470
30 129 110
30 130 19
30 132 91
30 133 71
30 135 74
30 136 98
30 137 102
30 139 18
30 140 80
30 143 74
30 144 28
30 145 140
30 146 67
30 147 35
30 149 157
30 151 31
30 152 295
30 153 54
30 154 103
30 155 13
30 156 46
30 157 11
30 158 291
30 159 17
30 161 26
30 162 41
30 164 528
30 166 81
30 167 45
30 168 73
30 169 21
30 171 147
30 172 28
30 174 192
30 175 164
30 176 127
30 178 94
30 179 88
30 180 72
30 181 150
30 182 30
30 184 68
30 186 165
30 190 24
30 191 20
30 193 56
30 194 168
30 195 60
30 196 104
30 197 126
30 198 74
30 199 46
30 200 201
30 201 72
30 202 60
30 203 195
30 204 103
30 206 273
30 207 36
30 209 52
30 210 237
30 211 89
30 212 70
30 213 77
30 214 53
30 217 66
30 218 225
30 219 25
30 220 33
30 224 18
30 225 66
30 226 42
30 227 156
30 228 220
30 229 92
30 231 90
30 232 71
30 233 80
30 234 50
30 235 129
30 236 29
30 238 459
30 239 207
30 240 159
30 241 30
30 242 121
30 243 18
30 244 68
30 245 56
30 247 122
30 248 38
30 250 34
30 252 60
30 253 65
30 254 109
30 255 28
30 256 29
30 257 25
30 259 177
30 260 54
30 262 41
30 263 27
30 264 116
30 265 68
30 266 20
30 267 426
30 268 392
30 269 29
30 270 178
30 271 72
30 272 25
30 273 82
30 274 38
30 275 126
30 277 54
30 278 74
30 279 78
30 280 69
30 281 142
30 282 186
30 283 211
30 285 31
30 287 150
30 289 353
30 290 77
30 291 99
30 292 799
30 293 20
30 294 292
30 295 61
30 296 48
30 297 27
30 300 84
30 301 80
30 302 28
30 303 67
30 305 108
30 306 100
30 308 170
30 309 122
30 310 400
30 312 34
30 313 60
30 314 43
30 315 71
30 316 85
30 317 40
30 319 97
30 320 26
30 322 52
30 323 165
30 325 30
30 326 111
30 327 44
30 328 17
30 329 197
30 331 120
30 333 39
30 334 103
30 336 82
30 337 107
30 338 57
30 339 53
30 340 82
30 341 59
30 342 148
30 344 26
30 345 258
30 347 139
30 348 71
30 350 57
30 351 41
30 352 38
30 354 83
30 355 720
30 357 109
30 358 75
30 359 60
30 360 92
30 361 16
30 362 81
30 363 225
30 364 55
30 367 23
30 368 47
30 369 64
30 372 291
30 373 73
30 375 40
30 376 74
30 377 91
30 378 53
30 379 85
30 382 79
30 383 166
30 385 119
30 388 64
30 389 139
30 391 153
30 394 126
30 395 29
30 396 31
30 397 53
30 398 148
30 399 38
30 402 117
30 403 36
30 404 118
30 405 97
30 406 24
30 407 61
30 408 73
30 409 158
30 410 128
30 412 247
30 413 151
30 414 311
30 415 32
30 416 50
30 417 55
30 420 118
30 421 201
30 422 130
30 423 143
30 424 38
30 426 93
30 427 76
30 428 59
30 429 27
30 431 128
30 432 44
30 433 28
30 434 71
30 435 44
30 436 35
30 437 62
30 438 98
30 439 35
30 440 191
30 441 153
30 442 28
30 443 121
30 444 96
30 445 98
30 446 113
30 447 139
30 448 204
30 449 36
30 451 110
30 453 54
30 454 38
30 458 24
30 459 87
30 460 146
30 461 46
30 462 65
30 464 79
30 465 41
30 468 104
30 469 103
30 470 54
30 471 28
30 472 77
30 473 64
30 474 48
30 475 101
30 477 39
30 478 35
30 479 88
30 480 282
30 481 312
30 482 50
30 483 17
30 484 78
30 485 25
30 487 96
30 488 104
30 489 19
30 490 67
30 491 30
30 494 56
30 495 25
30 497 64
30 498 46
30 501 148
30 502 76
30 504 156
30 505 124
30 508 22
30 509 139
30 510 232
30 511 47
31 0 20
31 2 163
31 3 46
31 6 439
31 7 220
31 8 113
31 9 75
31 11 16
31 12 60
31 13 267
31 14 154
31 15 60
31 16 98
31 17 691
31 18 112
31 19 19
31 21 20
31 22 17
31 23 79
31 24 87
31 25 182
31 26 105
31 27 91
31 29 131
31 33 20
31 35 164
31 37 215
31 38 190
31 39 100
31 40 58
31 41 464
31 42 28
31 44 64
31 45 33
31 46 37
31 48 44
31 49 48
31 50 47
31 51 107
31 52 41
31 53 98
31 54 70
31 56 63
31 57 153
31 58 131
31 59 58
31 61 151
31 63 51
31 65 81
31 66 49
31 67 43
31 68 175
31 69 314
31 70 39
31 71 107
31 72 19
31 73 32
31 74 130
31 75 91
31 78 191
31 79 111
31 80 348
31 82 33
31 83 192
31 84 142
31 87 37
31 88 112
31 89 14
31 90 68
31 91 40
31 92 49
31 93 115
31 94 44
31 95 36
31 97 154
31 98 49
31 99 168
31 100 89
31 102 53
31 104 39
31 105 42
31 106 69
31 107 12
31 108 93
31 109 22
31 110 127
31 113 208
31 114 245
31 115 101
31 116 168
31 117 36
31 118 18
31 119 118
31 120 132
31 122 135
31 123 29
31 125 200
31 126 89
31 128 28
31 129 61
31 130 72
31 131 25
31 132 234
31 133 58
31 134 40
31 136 127
31 137 157
31 139 31
31 140 20
31 141 34
31 143 161
31 144 59
31 145 63
31 146 71
31 147 30
31 148 74
31 150 158
31 152 45
31 153 89
31 154 23
31 155 26
31 156 48
31 158 144
31 159 53
31 160 27
31 161 131
31 162 52
31 163 25
31 164 69
31 165 135
31 168 130
31 169 21
31 170 28
31 171 53
31 173 29
31 174 65
31 175 32
31 176 175
31 179 467
31 180 57
31 181 24
31 182 96
31 183 39
31 185 197
31 186 149
31 187 27
31 188 99
31 189 50
31 190 95
31 191 48
31 192 89
31 195 122
31 196 59
31 198 76
31 200 26
31 205 110
31 206 116
31 207 89
31 210 88
31 212 53
31 213 23
31 214 81
31 215 193
31 216 108
31 218 139
31 219 19
31 220 33
31 222 142
31 223 99
31 224 51
31 226 20
31 227 22
31 228 19
31 229 257
31 230 91
31 231 27
31 232 73
31 233 19
31 234 28
31 235 78
31 236 17
31 237 82
31 238 193
31 240 76
31 244 122
31 245 19
31 246 15
31 247 210
31 248 94
31 249 116
31 250 24
31 251 241
31 252 103
31 254 42
31 256 44
31 257 41
31 258 47
31 260 41
31 261 20
31 264 132
31 266 23
31 267 20
31 268 66
31 269 89
31 270 200
31 271 128
31 272 395
31 273 28
31 275 19
31 276 27
31 278 36
31 281 20
31 282 107
31 283 265
31 285 33
31 287 160
31 288 167
31 290 117
31 291 100
31 292 110
31 293 91
31 294 118
31 295 69
31 296 91
31 297 59
31 298 95
31 299 38
31 300 41
31 301 130
31 303 150
31 304 248
31 306 9
31 307 34
31 308 77
31 309 28
31 310 312
31 311 156
31 312 60
31 314 70
31 315 123
31 316 140
31 318 14
31 319 130
31 320 19
31 321 70
31 322 213
31 324 435
31 325 25
31 326 279
31 327 109
31 328 37
31 329 122
31 330 29
31 332 42
31 334 168
31 335 72
31 337 65
31 338 24
31 341 170
31 342 61
31 343 15
31 346 22
31 347 43
31 348 22
31 349 24
31 350 10
31 351 159
31 352 106
31 353 81
31 354 256
31 355 275
31 357 214
31 358 77
31 359 101
31 360 81
31 361 123
31 362 36
31 363 166
31 365 161
31 366 44
31 367 20
31 368 42
31 369 75
31 371 76
31 372 44
31 373 103
31 375 72
31 376 114
31 377 89
31 381 71
31 382 152
31 383 61
31 384 246
31 385 242
31 386 71
31 387 107
31 388 45
31 390 83
31 392 172
31 393 48
31 394 118
31 396 60
31 397 369
31 398 37
31 400 91
31 402 55
31 403 104
31 404 17
31 405 176
31 407 36
31 408 33
31 409 42
31 410 35
31 411 177
31 414 32
31 416 163
31 417 163
31 418 219
31 419 55
31 420 149
31 421 81
31 422 85
31 423 393
31 424 53
31 425 277
31 426 49
31 427 59
31 430 23
31 431 107
31 432 91
31 434 25
31 435 69
31 436 61
31 439 84
31 440 118
31 441 19
31 442 116
31 443 214
31 444 100
31 445 29
31 448 40
31 450 72
31 451 226
31 452 13
31 454 22
31 455 33
31 456 74
31 459 116
31 461 50
31 463 61
31 468 54
31 469 96
31 470 183
31 471 127
31 472 38
31 473 67
31 474 39
31 476 153
31 478 40
31 480 147
31 482 50
31 483 95
31 485 60
31 486 70
31 487 31
31 488 26
31 489 66
31 490 122
31 492 75
31 493 63
31 494 246
31 495 25
31 497 120
31 498 34
31 499 68
31 500 176
31 501 79
31 505 115
31 506 34
31 507 36
31 508 43
31 509 109
31 510 27
31 511 302
32 1 16
32 2 39
32 3 53
32 4 349
32 5 51
32 6 59
32 7 16
32 8 60
32 9 793
32 10 58
32 11 42
32 14 40
32 15 27
32 16 34
32 17 10
32 18 4
32 19 530
32 20 23
32 21 93
32 22 36
32 23 30
32 24 47
32 25 25
32 28 69
32 29 61
32 30 28
32 31 21
32 32 78
32 33 29
32 35 8
32 36 141
32 37 134
32 39 42
32 40 128
32 41 10
32 42 32
32 43 64
32 44 26
32 45 44
32 46 59
32 47 221
32 49 152
32 50 171
32 52 56
32 56 174
32 57 9
32 58 14
32 59 26
32 60 22
32 62 86
32 63 41
32 64 34
32 66 27
32 67 163
32 68 20
32 69 18
32 70 6
32 71 50
32 74 108
32 76 23
32 77 19
32 78 44
32 79 184
32 80 96
32 81 16
32 83 612
32 84 21
32 85 172
32 86 202
32 87 9
32 89 41
32 91 31
32 92 237
32 93 198
32 94 75
32 95 33
32 96 21
32 97 14
32 98 17
32 99 100
32 100 41
32 101 29
32 102 13
32 104 127
32 105 10
32 106 40
32 107 233
32 108 104
32 110 469
32 113 9
32 114 10
32 116 161
32 118 39
32 119 36
32 121 27
32 122 526
32 123 31
32 125 6
32 127 76
32 128 348
32 129 52
32 131 31
32 132 311
32 133 72
32 135 15
32 138 38
32 139 140
32 141 81
32 144 28
32 146 10
32 147 104
32 148 205
32 149 31
32 150 37
32 152 46
32 154 68
32 155 55
32 156 50
32 157 86
32 158 26
32 160 328
32 161 53
32 165 92
32 167 126
32 168 16
32 169 84
32 171 36
32 172 319
32 174 58
32 176 97
32 177 27
32 179 152
32 182 63
32 183 30
32 184 17
32 185 12
32 186 24
32 187 33
32 189 107
32 190 51
32 191 248
32 192 61
32 193 31
32 194 65
32 195 74
32 196 72
32 197 240
32 198 61
32 199 76
32 200 13
32 203 524
32 204 337
32 205 136
32 206 147
32 207 232
32 208 29
32 209 99
32 211 119
32 212 100
32 213 95
32 214 260
32 215 23
32 216 121
32 217 650
32 218 32
32 219 17
32 220 719
32 222 215
32 223 35
32 224 68
32 225 16
32 227 40
32 228 666
32 229 50
32 231 31
32 232 14
32 234 25
32 235 90
32 237 88
32 239 149
32 240 35
32 242 11
32 243 83
32 245 51
32 246 20
32 247 355
32 248 59
32 249 52
32 250 67
32 251 12
32 253 111
32 254 46
32 255 119
32 256 39
32 259 20
32 260 14
32 261 289
32 262 56
32 264 8
32 265 993
32 266 18
32 267 127
32 268 365
32 269 18
32 270 221
32 271 9
32 273 47
32 274 58
32 275 85
32 276 64
32 279 11
32 280 312
32 281 72
32 282 46
32 283 86
32 284 13
32 287 20
32 288 100
32 290 14
32 291 64
32 292 113
32 294 141
32 295 9
32 296 24
32 297 34
32 299 28
32 300 17
32 301 103
32 302 13
32 303 15
32 304 12
32 305 75
32 306 37
32 308 14
32 309 60
32 310 39
32 311 234
32 312 30
32 313 11
32 315 14
32 318 74
32 319 227
32 320 76
32 321 38
32 322 76
32 323 245
32 325 241
32 326 14
32 327 48
32 328 119
32 329 23
32 330 101
32 331 31
32 332 40
32 334 95
32 337 47
32 338 35
32 339 30
32 342 5
32 343 16
32 344 197
32 345 32
32 346 100
32 347 15
32 348 44
32 349 265
32 351 34
32 352 62
32 355 102
32 356 699
32 357 72
32 358 69
32 359 684
32 360 135
32 362 67
32 364 94
32 365 774
32 366 29
32 367 20
32 368 126
32 369 105
32 371 18
32 372 111
32 374 98
32 375 10
32 376 29
32 379 8
32 380 56
32 381 65
32 383 23
32 386 153
32 387 24
32 388 3
32 389 26
32 390 93
32 391 449
32 392 92
32 393 12
32 394 41
32 395 18
32 397 25
32 398 150
32 399 100
32 401 222
32 402 83
32 403 703
32 404 23
32 405 97
32 406 683
32 408 13
32 409 11
32 411 46
32 413 313
32 416 88
32 417 246
32 418 110
32 419 4
32 420 50
32 421 284
32 422 22
32 424 67
32 425 28
32 427 14
32 429 20
32 430 57
32 431 643
32 432 97
32 433 18
32 434 41
32 435 20
32 436 30
32 437 123
32 438 59
32 440 126
32 441 40
32 442 9
32 443 30
32 444 67
32 446 24
32 447 8
32 448 67
32 450 138
32 452 38
32 454 10
32 456 12
32 458 39
32 459 40
32 461 30
32 462 64
32 463 15
32 464 12
32 465 31
32 466 13
32 467 40
32 468 34
32 469 97
32 471 11
32 472 41
32 473 46
32 477 9
32 478 73
32 479 21
32 482 72
32 483 16
32 484 107
32 485 96
32 486 109
32 488 59
32 489 37
32 490 180
32 493 41
32 494 24
32 495 52
32 496 45
32 497 30
32 498 34
32 499 225
32 501 218
32 503 44
32 504 27
32 505 12
32 506 79
32 507 129
32 510 55
33 0 106
33 3 6
33 4 335
33 5 605
33 6 1
33 8 31
33 9 32
33 10 312
33 11 16
33 12 11
33 13 37
33 15 34
33 18 42
33 19 400
33 21 2
33 24 235
33 26 139
33 27 12
33 28 74
33 29 7
33 30 172
33 31 1
33 32 4
33 33 245
33 35 164
33 36 2
33 37 3
33 38 35
33 40 8
33 41 66
33 42 294
33 44 59
33 45 397
33 46 246
33 47 70
33 53 169
33 54 344
33 56 72
33 57 408
33 58 1
33 59 113
33 60 406
33 61 100
33 62 1
33 64 12
33 65 198
33 68 215
33 69 2
33 70 11
33 71 20
33 73 141
33 79 134
33 80 2
33 81 27
33 82 186
33 83 23
33 84 235
33 86 69
33 87 70
33 88 84
33 90 30
33 91 1
33 92 159
33 93 31
33 94 1
33 95 2
33 96 7
33 97 6
33 98 36
33 100 14
33 101 27
33 103 68
33 104 195
33 106 47
33 108 86
33 110 9
33 111 1
33 112 24
33 113 33
33 114 1
33 115 8
33 116 148
33 118 73
33 119 101
33 122 286
33 124 113
33 125 352
33 126 90
33 127 34
33 128 74
33 129 81
33 130 937
33 131 159
33 133 276
33 136 5
33 138 3
33 139 13
33 142 24
33 143 49
33 144 3
33 145 11
33 146 2
33 148 16
33 149 2
33 151 29
33 153 76
33 154 119
33 155 293
33 156 129
33 157 51
33 158 133
33 159 148
33 161 264
33 162 136
33 163 82
33 164 11
33 166 5
33 167 5
33 168 31
33 169 463
33 170 18
33 171 71
33 172 168
33 173 15
33 174 39
33 177 4
33 178 4
33 179 135
33 180 3
33 181 29
33 182 126
33 184 16
33 186 130
33 187 23
33 188 158
33 189 77
33 190 4
33 191 1086
33 192 3
33 193 113
33 195 91
33 196 36
33 197 88
33 200 72
33 201 134
33 202 82
33 203 57
33 204 3
33 205 28
33 206 146
33 207 3
33 208 67
33 210 2
33 211 174
33 212 152
33 213 161
33 214 14
33 215 28
33 216 31
33 220 76
33 221 2
33 222 25
33 223 27
33 224 112
33 226 12
33 227 6
33 228 361
33 230 1
33 232 100
33 233 7
33 235 6
33 237 9
33 239 265
33 240 7
33 241 16
33 243 1
33 244 101
33 245 23
33 246 99
33 248 37
33 249 46
33 251 194
33 252 25
33 253 100
33 254 8
33 255 502
33 256 43
33 257 22
33 259 139
33 260 205
33 261 49
33 262 4
33 263 1
33 264 5
33 266 240
33 267 2
33 268 6
33 269 124
33 273 34
33 274 443
33 275 91
33 276 22
33 277 1
33 278 39
33 279 477
33 280 19
33 284 186
33 285 3
33 286 38
33 287 330
33 288 24
33 292 4
33 293 25
33 294 5
33 295 60
33 296 5
33 298 34
33 299 260
33 300 236
33 301 16
33 303 523
33 304 226
33 305 36
33 306 102
33 309 10
33 310 37
33 311 82
33 313 287
33 314 1
33 316 642
33 318 52
33 320 8
33 321 5
33 322 3
33 323 3
33 324 5
33 325 29
33 326 34
33 327 1
33 328 2
33 329 365
33 331 8
33 332 227
33 335 12
33 336 18
33 337 139
33 338 28
33 339 36
33 340 29
33 341 423
33 342 3
33 343 26
33 347 2
33 348 39
33 350 41
33 351 13
33 352 120
33 353 131
33 354 19
33 355 8
33 356 51
33 357 23
33 358 2
33 359 31
33 360 54
33 361 121
33 362 135
33 363 7
33 364 81
33 365 102
33 366 1
33 367 87
33 368 33
33 370 111
33 371 67
33 372 29
33 373 24
33 375 3
33 377 49
33 378 98
33 379 1
33 380 934
33 381 125
33 384 483
33 385 803
33 386 9
33 387 121
33 388 30
33 389 253
33 392 7
33 393 1
33 395 99
33 396 80
33 397 23
33 398 165
33 399 83
33 400 11
33 401 5
33 403 49
33 404 236
33 405 20
33 406 33
33 407 569
33 408 317
33 410 16
33 411 16
33 412 20
33 413 99
33 414 76
33 415 333
33 416 100
33 417 61
33 418 1
33 419 24
33 420 496
33 421 4
33 422 319
33 423 50
33 425 136
33 426 13
33 429 114
33 430 28
33 432 130
33 433 71
33 435 104
33 436 4
33 437 1
33 439 2
33 440 12
33 441 2
33 442 56
33 443 7
33 444 4
33 445 343
33 446 1
33 447 720
33 448 80
33 449 67
33 450 114
33 451 93
33 452 5
33 453 387
33 454 3
33 455 46
33 456 197
33 458 160
33 459 4
33 460 75
33 461 11
33 463 8
33 464 28
33 465 17
33 467 21
33 469 7
33 470 65
33 473 72
33 476 6
33 480 56
33 481 126
33 483 3
33 484 237
33 486 159
33 487 104
33 488 34
33 489 168
33 490 61
33 491 147
33 492 50
33 493 28
33 494 163
33 496 85
33 497 80
33 498 182
33 499 68
33 501 3
33 502 3
33 503 146
33 504 34
33 505 1
33 506 65
33 507 1
33 508 2
33 509 14
33 511 11
34 0 10
34 1 141
34 2 7
34 3 345
34 5 79
34 8 1432
34 9 134
34 10 326
34 11 75
34 12 55
34 16 83
34 17 24
34 18 465
34 21 11
34 23 239
34 24 156
34 25 44
34 29 82
34 30 63
34 31 1
34 33 53
34 34 4
34 35 1
34 36 339
34 37 145
34 38 32
34 40 25
34 42 72
34 43 50
34 44 53
34 45 56
34 46 77
34 48 54
34 49 223
34 50 177
34 51 2
34 52 31
34 53 27
34 55 16
34 56 132
34 58 81
34 59 15
34 60 57
34 61 4
34 62 59
34 64 27
34 65 6
34 66 88
34 67 1
34 68 10
34 69 12
34 70 15
34 71 25
34 72 5
34 74 12
34 75 93
34 76 117
34 77 171
34 79 6
34 80 7
34 81 33
34 82 10
34 83 20
34 84 29
34 85 77
34 87 23
34 89 139
34 90 2
34 92 74
34 93 8
34 94 17
34 95 27
34 96 5
34 97 77
34 98 7
34 99 135
34 100 10
34 101 866
34 102 5
34 105 147
34 106 46
34 108 259
34 109 326
34 110 13
34 112 107
34 113 52
34 115 18
34 116 6
34 118 367
34 121 43
34 122 5
34 123 9
34 124 120
34 125 25
34 126 40
34 127 76
34 128 63
34 129 140
34 130 63
34 132 12
34 133 105
34 137 270
34 138 28
34 139 34
34 140 6
34 141 75
34 142 369
34 143 168
34 147 63
34 148 42
34 149 348
34 150 3
34 151 14
34 152 67
34 153 199
34 155 93
34 157 47
34 158 44
34 159 47
34 160 2
34 161 398
34 162 39
34 163 251
34 164 9
34 165 26
34 166 57
34 167 10
34 169 40
34 170 51
34 171 7
34 172 44
34 174 346
34 175 21
34 177 7
34 178 41
34 180 5
34 181 1
34 182 5
34 184 108
34 185 5
34 186 137
34 187 665
34 188 40
34 189 185
34 191 24
34 192 80
34 193 22
34 194 63
34 200 4
34 201 65
34 202 111
34 204 97
34 205 1
34 208 414
34 209 6
34 210 38
34 212 29
34 213 84
34 214 9
34 215 5
34 216 34
34 217 9
34 218 32
34 219 169
34 221 78
34 222 7
34 223 34
34 224 6
34 225 25
34 226 41
34 227 43
34 229 27
34 231 2
34 232 448
34 233 247
34 236 904
34 237 22
34 238 6
34 239 12
34 240 11
34 241 22
34 242 18
34 243 9
34 244 10
34 248 3
34 249 678
34 250 3
34 251 177
34 252 151
34 253 12
34 254 107
34 255 122
34 258 1
34 259 345
34 260 17
34 261 15
34 262 33
34 264 80
34 265 379
34 266 2
34 267 677
34 268 32
34 269 612
34 270 35
34 272 10
34 273 39
34 275 53
34 278 7
34 279 285
34 280 58
34 282 12
34 283 73
34 284 844
34 285 15
34 286 655
34 287 2
34 288 48
34 289 19
34 291 15
34 292 2
34 295 18
34 296 2
34 297 87
34 298 284
34 299 12
34 300 147
34 301 5
34 304 320
34 305 67
34 306 18
34 307 144
34 308 181
34 311 349
34 314 193
34 316 5
34 319 11
34 321 52
34 322 2
34 324 6
34 325 4
34 326 219
34 327 22
34 328 94
34 329 26
34 330 135
34 332 506
34 333 730
34 335 34
34 336 32
34 337 23
34 339 29
34 340 20
34 341 56
34 342 229
34 343 6
34 344 32
34 345 57
34 346 97
34 348 2
34 350 6
34 351 14
34 352 21
34 353 40
34 355 6
34 357 158
34 358 23
34 360 32
34 361 2
34 362 39
34 363 3
34 364 12
34 365 211
34 367 2
34 368 35
34 369 29
34 370 16
34 371 153
34 372 171
34 373 2
34 374 104
34 378 134
34 380 69
34 382 169
34 384 76
34 385 9
34 386 53
34 387 44
34 389 80
34 391 4
34 392 54
34 394 7
34 395 6
34 397 77
34 399 3
34 400 4
34 401 35
34 402 46
34 403 68
34 404 1
34 405 41
34 406 104
34 407 1020
34 408 24
34 410 28
34 413 8
34 414 2
34 417 4
34 418 2
34 419 15
34 420 6
34 421 76
34 422 59
34 423 73
34 424 350
34 425 4
34 426 73
34 427 24
34 428 8
34 429 126
34 431 461
34 432 2
34 433 3
34 434 18
34 435 3
34 436 5
34 437 806
34 438 396
34 440 13
34 441 193
34 442 87
34 443 672
34 447 3
34 449 29
34 450 51
34 451 117
34 452 26
34 453 195
34 454 10
34 455 3
34 456 27
34 459 134
34 460 13
34 461 114
34 463 8
34 464 17
34 465 281
34 467 23
34 468 2
34 469 28
34 470 71
34 471 41
34 473 48
34 475 30
34 476 29
34 477 43
34 478 16
34 479 5
34 480 175
34 481 2
34 482 73
34 483 2
34 484 5
34 485 61
34 486 4
34 487 444
34 488 1
34 490 201
34 491 20
34 492 10
34 493 39
34 494 7
34 495 464
34 496 98
34 497 25
34 498 2
34 500 3
34 503 14
34 504 145
34 505 2
34 506 68
34 507 469
34 509 17
34 510 232
34 511 14
35 2 6
35 3 71
35 4 24
35 5 15
35 6 103
35 7 38
35 8 57
35 9 34
35 10 77
35 12 17
35 14 7
35 16 7
35 17 3
35 19 14
35 20 59
35 21 32
35 22 5
35 23 69
35 25 710
35 27 8
35 29 150
35 30 41
35 31 88
35 32 140
35 34 3
35 35 9
35 36 662
35 38 10
35 39 79
35 40 113
35 41 2
35 42 48
35 43 202
35 44 3
35 45 60
35 46 35
35 48 345
35 49 34
35 50 13
35 52 39
35 54 93
35 55 35
35 56 32
35 57 148
35 58 67
35 61 396
35 62 95
35 63 47
35 64 12
35 65 72
35 68 208
35 69 20
35 70 12
35 72 56
35 73 51
35 74 79
35 75 13
35 76 261
35 77 199
35 78 120
35 79 2
35 81 17
35 82 72
35 83 34
35 85 2
35 86 283
35 88 10
35 89 23
35 90 43
35 91 47
35 92 25
35 93 8
35 94 35
35 95 6
35 96 540
35 98 13
35 100 61
35 101 237
35 102 316
35 104 247
35 105 71
35 106 7
35 107 26
35 108 2
35 109 26
35 110 39
35 111 246
35 112 454
35 113 5
35 114 173
35 115 242
35 116 31
35 117 14
35 118 14
35 122 94
35 123 42
35 124 17
35 125 7
35 129 8
35 130 17
35 131 102
35 132 98
35 134 3
35 135 3
35 136 43
35 137 5
35 138 11
35 140 144
35 143 19
35 144 11
35 146 41
35 147 9
35 148 35
35 149 168
35 150 2
35 151 127
35 152 94
35 154 33
35 155 46
35 156 17
35 157 183
35 158 52
35 159 110
35 160 16
35 162 35
35 164 13
35 166 65
35 168 7
35 169 1
35 170 695
35 171 159
35 172 3
35 173 110
35 174 404
35 175 14
35 177 10
35 178 961
35 179 2
35 180 48
35 181 96
35 183 58
35 184 62
35 185 28
35 186 13
35 187 3
35 188 21
35 190 5
35 191 149
35 193 63
35 194 68
35 195 168
35 196 3
35 197 67
35 198 99
35 201 6
35 202 225
35 203 9
35 204 181
35 207 12
35 208 42
35 210 7
35 211 35
35 212 13
35 213 346
35 214 175
35 215 9
35 216 6
35 217 8
35 218 120
35 219 388
35 220 147
35 221 23
35 222 63
35 225 61
35 226 40
35 227 5
35 228 20
35 229 9
35 230 3
35 231 26
35 232 213
35 233 3
35 234 159
35 235 12
35 236 122
35 237 36
35 238 8
35 239 459
35 240 15
35 241 197
35 242 40
35 244 11
35 245 43
35 246 10
35 247 42
35 248 5
35 249 34
35 251 14
35 253 13
35 255 6
35 257 3
35 259 393
35 260 11
35 261 491
35 262 244
35 264 40
35 265 10
35 266 76
35 267 23
35 270 64
35 271 15
35 272 175
35 274 423
35 275 134
35 276 43
35 281 17
35 282 124
35 283 17
35 284 13
35 285 2
35 286 2
35 287 11
35 289 813
35 290 393
35 291 12
35 292 18
35 293 90
35 294 26
35 295 70
35 296 9
35 298 150
35 299 3
35 300 18
35 301 5
35 302 87
35 303 67
35 304 109
35 305 11
35 306 147
35 307 972
35 308 8
35 309 6
35 310 74
35 311 28
35 312 6
35 313 15
35 314 11
35 315 114
35 316 7
35 317 17
35 318 55
35 319 150
35 322 43
35 324 3
35 325 150
35 326 8
35 328 50
35 329 87
35 330 14
35 332 115
35 333 2
35 334 54
35 336 17
35 337 8
35 338 1
35 339 36
35 340 6
35 341 75
35 342 324
35 343 341
35 345 16
35 346 56
35 349 36
35 352 6
35 353 177
35 354 25
35 355 193
35 358 79
35 359 69
35 360 3
35 361 99
35 362 11
35 363 152
35 364 68
35 366 3
35 367 309
35 369 63
35 370 269
35 371 33
35 372 85
35 373 178
35 374 23
35 376 318
35 377 257
35 378 73
35 379 73
35 381 190
35 382 28
35 383 28
35 385 63
35 386 30
35 387 89
35 389 10
35 390 89
35 391 50
35 392 20
35 393 70
35 394 17
35 395 394
35 396 379
35 398 17
35 399 20
35 401 9
35 403 18
35 404 49
35 405 14
35 406 45
35 407 7
35 408 15
35 409 278
35 410 37
35 411 79
35 412 21
35 413 16
35 414 94
35 416 137
35 419 167
35 420 3
35 421 19
35 422 27
35 426 3
35 427 20
35 429 607
35 432 150
35 433 18
35 434 126
35 435 499
35 437 148
35 439 68
35 440 67
35 443 163
35 446 77
35 447 15
35 449 670
35 450 229
35 451 19
35 453 9
35 455 83
35 456 77
35 457 230
35 458 125
35 459 42
35 460 95
35 462 40
35 463 13
35 465 12
35 467 7
35 468 2
35 469 61
35 470 47
35 471 78
35 472 45
35 475 111
35 477 272
35 479 4
35 484 149
35 485 5
35 486 57
35 487 12
35 488 147
35 490 489
35 494 2
35 496 15
35 497 28
35 499 14
35 500 857
35 501 6
35 502 13
35 503 195
35 504 38
35 507 13
35 508 216
35 509 969
35 510 906
36 1 73
36 2 44
36 3 2
36 4 15
36 5 12
36 6 155
36 8 54
36 10 10
36 11 37
36 12 17
36 13 48
36 14 130
36 16 2
36 17 18
36 18 29
36 21 319
36 23 12
36 26 31
36 27 2
36 29 2
36 30 320
36 31 37
36 32 201
36 33 81
36 34 415
36 35 47
36 36 30
36 37 2
36 38 130
36 39 71
36 40 9
36 41 776
36 42 56
36 44 8
36 45 2
36 46 44
36 47 142
36 49 2
36 51 181
36 52 2
36 56 54
36 57 2
36 58 136
36 59 6
36 60 126
36 61 24
36 63 46
36 64 202
36 65 3
36 66 160
36 67 83
36 69 1
36 70 357
36 71 32
36 72 5
36 73 21
36 74 1
36 75 2
36 76 3
36 79 115
36 80 15
36 81 292
36 83 346
36 84 637
36 85 7
36 86 7
36 87 303
36 88 1
36 89 61
36 91 42
36 92 45
36 93 59
36 94 1
36 95 32
36 96 1
36 97 30
36 98 12
36 100 90
36 101 78
36 102 230
36 103 2
36 105 1
36 106 3
36 107 11
36 110 13
36 112 34
36 113 66
36 114 3
36 115 117
36 119 4
36 120 55
36 121 28
36 122 349
36 123 64
36 125 235
36 127 18
36 130 102
36 131 284
36 132 6
36 134 24
36 135 2
36 136 5
36 137 1
36 138 33
36 139 4
36 140 91
36 142 223
36 143 23
36 144 8
36 145 1
36 146 167
36 148 30
36 151 931
36 152 1
36 153 10
36 154 2
36 155 1
36 156 15
36 157 2
36 158 189
36 159 836
36 164 169
36 165 2
36 166 144
36 167 169
36 168 382
36 170 30
36 171 2
36 172 11
36 173 4
36 174 18
36 175 61
36 176 162
36 177 75
36 178 90
36 179 43
36 180 51
36 181 36
36 182 11
36 186 9
36 187 14
36 188 28
36 189 4
36 190 97
36 192 6
36 194 155
36 195 227
36 196 76
36 197 62
36 198 10
36 200 256
36 201 5
36 202 25
36 204 138
36 205 49
36 207 2
36 208 1
36 209 79
36 211 26
36 212 398
36 213 5
36 214 66
36 215 39
36 216 397
36 217 9
36 219 11
36 220 53
36 221 7
36 223 3
36 226 27
36 227 53
36 229 6
36 230 1
36 231 13
36 233 4
36 234 163
36 235 114
36 236 120
36 239 21
36 240 254
36 241 30
36 242 106
36 243 4
36 244 112
36 245 139
36 247 8
36 248 19
36 249 76
36 250 163
36 251 258
36 252 1
36 255 204
36 258 87
36 259 13
36 260 11
36 261 3
36 264 134
36 266 55
36 267 9
36 268 6
36 269 25
36 270 15
36 271 79
36 272 1290
36 273 66
36 274 173
36 275 84
36 277 7
36 278 214
36 282 13
36 283 12
36 284 6
36 285 3
36 286 1
36 289 167
36 290 53
36 291 68
36 292 92
36 293 276
36 294 1037
36 296 24
36 298 1
36 299 143
36 301 43
36 302 102
36 303 112
36 305 60
36 307 77
36 310 166
36 312 58
36 313 7
36 316 2
36 317 105
36 318 25
36 319 1
36 320 36
36 321 256
36 322 240
36 323 1
36 324 27
36 326 51
36 327 316
36 328 857
36 329 213
36 330 6
36 333 289
36 334 12
36 335 28
36 336 99
36 337 5
36 338 14
36 340 70
36 341 15
36 342 29
36 343 5
36 344 1223
36 345 1047
36 346 58
36 347 115
36 348 155
36 349 4
36 350 25
36 352 393
36 353 50
36 354 383
36 355 129
36 356 1
36 357 36
36 358 21
36 359 96
36 361 8
36 363 5
36 364 145
36 365 2
36 366 30
36 367 13
36 368 14
36 369 1
36 370 15
36 371 25
36 372 79
36 373 1241
36 374 187
36 376 2
36 377 91
36 378 212
36 380 24
36 381 6
36 384 59
36 385 87
36 386 57
36 387 803
36 389 5
36 390 233
36 392 4
36 394 123
36 396 113
36 398 8
36 399 3
36 400 123
36 402 27
36 403 1
36 404 1
36 405 20
36 406 386
36 407 33
36 408 4
36 410 18
36 411 50
36 412 298
36 413 3
36 414 21
36 415 4
36 418 25
36 421 4
36 422 217
36 424 642
36 425 11
36 426 36
36 427 94
36 428 6
36 430 553
36 431 3
36 432 189
36 433 323
36 434 1
36 435 32
36 437 53
36 438 178
36 439 2
36 440 2
36 441 228
36 442 9
36 443 6
36 444 15
36 445 6
36 446 3
36 448 36
36 450 5
36 451 24
36 454 16
36 457 3
36 459 9
36 460 2
36 464 15
36 465 2
36 466 99
36 467 503
36 468 67
36 471 210
36 472 101
36 473 156
36 474 90
36 476 2
36 477 276
36 479 106
36 480 236
36 481 2
36 482 72
36 483 1
36 484 15
36 485 77
36 486 2
36 487 25
36 488 80
36 489 61
36 490 6
36 491 8
36 492 3
36 495 3
36 496 91
36 497 1
36 498 8
36 500 2
36 501 5
36 502 2
36 503 108
36 505 1
36 506 25
36 507 29
36 508 114
36 509 3
36 510 3
36 511 9
37 0 2
37 1 9
37 2 98
37 3 59
37 5 62
37 6 24
37 7 2
37 8 6
37 9 14
37 11 85
37 12 228
37 15 1
37 16 224
37 17 15
37 19 7
37 20 2
37 21 86
37 22 49
37 23 26
37 24 2
37 25 203
37 26 14
37 27 49
37 29 35
37 30 99
37 31 1
37 32 22
37 33 19
37 34 98
37 35 85
37 36 82
37 37 68
37 38 24
37 39 142
37 41 40
37 42 131
37 43 167
37 44 31
37 45 6
37 46 149
37 48 204
37 50 611
37 51 7
37 52 100
37 53 3
37 56 22
37 57 10
37 59 26
37 61 24
37 62 6
37 63 127
37 64 3
37 65 73
37 66 19
37 67 3
37 70 2
37 71 4
37 72 5
37 75 839
37 76 44
37 77 66
37 78 176
37 80 138
37 81 192
37 82 45
37 83 265
37 84 332
37 85 98
37 87 197
37 88 128
37 89 9
37 92 193
37 93 16
37 94 4
37 96 192
37 97 69
37 98 10
37 99 258
37 101 27
37 102 58
37 105 103
37 106 51
37 107 56
37 108 18
37 109 4
37 110 2
37 112 6
37 113 16
37 114 52
37 115 56
37 116 12
37 117 2
37 118 137
37 119 2
37 121 5
37 122 4
37 123 97
37 124 16
37 125 30
37 126 20
37 127 201
37 128 4
37 129 40
37 132 13
37 133 650
37 134 69
37 135 3
37 136 44
37 137 1
37 138 226
37 140 14
37 141 8
37 143 2
37 144 18
37 145 5
37 148 55
37 149 4
37 150 45
37 151 12
37 152 334
37 153 17
37 154 3
37 157 25
37 158 22
37 159 26
37 160 9
37 161 196
37 162 2
37 163 24
37 165 49
37 166 137
37 168 39
37 171 3
37 172 113
37 173 27
37 174 107
37 175 122
37 176 124
37 177 7
37 178 5
37 182 6
37 183 12
37 184 28
37 185 48
37 186 44
37 187 115
37 188 47
37 189 496
37 190 3
37 191 20
37 194 127
37 196 3
37 197 16
37 199 5
37 200 30
37 201 731
37 202 258
37 203 15
37 205 9
37 206 12
37 207 409
37 208 5
37 209 162
37 210 2
37 211 32
37 212 2
37 213 11
37 214 61
37 215 6
37 216 43
37 217 44
37 218 24
37 219 42
37 222 18
37 223 53
37 224 21
37 226 95
37 227 4
37 230 170
37 231 124
37 232 2
37 233 2
37 234 5
37 235 336
37 237 25
37 238 15
37 241 7
37 242 16
37 243 27
37 245 37
37 246 9
37 247 267
37 248 71
37 250 40
37 251 9
37 252 76
37 255 19
37 257 5
37 258 94
37 259 195
37 261 110
37 263 14
37 264 27
37 265 50
37 266 155
37 267 17
37 268 64
37 269 179
37 270 49
37 271 962
37 272 4
37 273 19
37 274 420
37 275 57
37 277 5
37 278 89
37 279 48
37 280 20
37 281 4
37 283 566
37 284 15
37 285 9
37 286 47
37 287 20
37 289 79
37 290 62
37 291 51
37 292 93
37 293 66
37 294 17
37 296 126
37 297 406
37 299 70
37 302 15
37 303 22
37 305 128
37 307 216
37 308 121
37 309 151
37 310 28
37 311 181
37 312 301
37 314 134
37 316 2
37 319 84
37 320 2
37 322 92
37 324 323
37 325 111
37 328 249
37 329 73
37 333 19
37 335 259
37 337 941
37 339 73
37 342 1574
37 343 2
37 344 16
37 345 14
37 346 12
37 347 3
37 348 29
37 349 82
37 352 47
37 354 154
37 355 26
37 356 17
37 357 188
37 359 58
37 361 434
37 362 3
37 363 16
37 364 137
37 366 15
37 367 75
37 368 121
37 369 261
37 370 143
37 371 268
37 372 414
37 373 2
37 374 13
37 375 35
37 376 24
37 377 1323
37 379 352
37 381 22
37 382 108
37 383 2
37 384 1
37 385 913
37 387 29
37 391 67
37 392 182
37 393 31
37 394 52
37 397 55
37 398 16
37 399 6
37 400 89
37 401 32
37 402 3
37 404 147
37 405 8
37 406 85
37 407 42
37 408 71
37 409 10
37 412 195
37 413 14
37 415 4
37 416 101
37 417 152
37 418 74
37 420 31
37 423 6
37 424 20
37 425 11
37 426 65
37 427 21
37 430 262
37 431 175
37 432 5
37 433 18
37 434 25
37 435 13
37 436 170
37 438 45
37 439 5
37 440 16
37 442 731
37 444 107
37 446 5
37 447 28
37 448 90
37 450 12
37 451 30
37 453 3
37 454 3
37 455 73
37 456 29
37 457 5
37 458 4
37 459 33
37 460 18
37 462 76
37 463 3
37 464 19
37 467 40
37 468 8
37 469 42
37 470 6
37 471 9
37 474 80
37 475 565
37 476 45
37 477 356
37 479 148
37 481 24
37 484 281
37 485 210
37 486 29
37 487 16
37 489 251
37 490 2
37 491 903
37 492 8
37 493 512
37 494 44
37 495 28
37 497 246
37 498 88
37 499 48
37 500 2
37 501 3
37 502 32
37 503 96
37 504 321
37 505 7
37 506 192
37 507 58
37 509 123
37 510 5
37 511 15
38 0 9
38 1 26
38 2 29
38 3 34
38 4 46
38 5 358
38 6 43
38 7 9
38 8 146
38 9 90
38 10 204
38 11 31
38 12 29
38 13 35
38 14 7
38 15 7
38 16 141
38 18 23
38 19 79
38 21 17
38 22 511
38 24 25
38 25 23
38 26 81
38 27 113
38 28 28
38 29 55
38 31 90
38 34 38
38 35 21
38 36 29
38 37 11
38 38 60
38 39 4
38 42 45
38 43 33
38 44 141
38 46 28
38 48 98
38 50 121
38 51 5
38 53 8
38 54 109
38 55 3
38 57 76
38 58 44
38 59 19
38 60 79
38 61 3
38 62 25
38 63 5
38 64 61
38 65 20
38 66 7
38 67 5
38 68 100
38 70 51
38 71 68
38 72 7
38 73 21
38 79 272
38 80 15
38 81 3
38 82 45
38 83 23
38 84 10
38 85 20
38 87 76
38 88 3
38 89 104
38 90 1049
38 93 62
38 94 193
38 95 77
38 96 183
38 97 6
38 100 76
38 101 17
38 102 28
38 103 47
38 104 13
38 105 208
38 106 46
38 107 48
38 108 156
38 109 17
38 110 20
38 112 39
38 114 205
38 115 267
38 117 12
38 118 72
38 120 119
38 121 251
38 122 27
38 123 17
38 124 46
38 127 28
38 128 57
38 132 105
38 133 16
38 134 7
38 136 235
38 137 6
38 139 72
38 141 15
38 142 2
38 143 6
38 144 676
38 146 28
38 147 6
38 148 25
38 149 382
38 150 91
38 151 20
38 152 33
38 153 204
38 155 516
38 160 26
38 161 91
38 162 6
38 164 108
38 165 108
38 167 2
38 168 46
38 171 606
38 172 52
38 173 24
38 174 239
38 175 20
38 176 13
38 177 215
38 178 4
38 179 762
38 180 376
38 181 43
38 182 5
38 183 35
38 184 74
38 185 205
38 187 7
38 188 82
38 189 193
38 191 647
38 192 4
38 193 37
38 194 80
38 197 6
38 198 23
38 199 76
38 201 76
38 202 6
38 203 7
38 204 30
38 205 30
38 206 13
38 208 13
38 209 390
38 210 573
38 211 16
38 214 104
38 215 69
38 216 14
38 217 52
38 219 46
38 220 173
38 221 48
38 222 33
38 223 97
38 224 56
38 225 171
38 226 11
38 227 7
38 228 9
38 230 10
38 231 59
38 232 135
38 233 5
38 235 21
38 236 5
38 237 78
38 238 12
38 239 211
38 240 248
38 241 7
38 243 395
38 245 909
38 247 339
38 249 113
38 250 14
38 251 12
38 252 151
38 253 47
38 254 197
38 255 827
38 256 28
38 257 75
38 258 88
38 259 223
38 261 65
38 262 46
38 264 23
38 265 863
38 266 59
38 269 5
38 270 9
38 271 40
38 272 22
38 273 108
38 275 41
38 279 14
38 281 61
38 282 38
38 283 1
38 284 65
38 285 27
38 286 115
38 287 9
38 288 120
38 289 5
38 290 175
38 291 11
38 293 4
38 294 9
38 296 7
38 297 27
38 298 89
38 299 17
38 300 104
38 301 165
38 302 12
38 303 144
38 304 67
38 306 21
38 307 8
38 310 24
38 311 41
38 312 131
38 314 35
38 316 9
38 317 195
38 318 109
38 320 133
38 322 241
38 323 170
38 324 306
38 325 199
38 326 12
38 328 8
38 329 10
38 330 5
38 331 8
38 332 5
38 333 19
38 334 15
38 335 21
38 338 180
38 339 120
38 340 134
38 341 98
38 342 25
38 343 358
38 344 346
38 346 83
38 347 180
38 349 108
38 350 696
38 351 25
38 352 28
38 354 15
38 355 8
38 356 125
38 357 166
38 358 631
38 359 14
38 360 64
38 363 102
38 364 93
38 365 173
38 367 91
38 368 134
38 369 15
38 370 20
38 371 326
38 373 11
38 374 7
38 376 59
38 377 24
38 379 262
38 380 17
38 381 422
38 382 15
38 383 3
38 384 243
38 385 3
38 386 129
38 387 6
38 388 73
38 391 16
38 392 7
38 393 5
38 394 54
38 395 27
38 396 21
38 397 6
38 398 66
38 400 5
38 401 17
38 402 17
38 403 20
38 407 16
38 408 25
38 409 8
38 410 195
38 412 81
38 413 57
38 414 49
38 415 33
38 417 83
38 418 28
38 420 145
38 421 161
38 422 122
38 423 15
38 425 69
38 427 123
38 428 9
38 429 2
38 431 11
38 432 5
38 433 46
38 434 17
38 435 15
38 437 69
38 438 214
38 439 92
38 441 64
38 443 72
38 445 5
38 447 668
38 449 114
38 450 94
38 451 20
38 452 6
38 453 106
38 454 233
38 455 221
38 456 13
38 457 66
38 458 7
38 459 30
38 461 539
38 462 62
38 463 17
38 465 486
38 466 174
38 467 8
38 468 505
38 470 285
38 472 6
38 473 75
38 476 23
38 478 6
38 480 125
38 482 40
38 484 47
38 485 4
38 486 4
38 488 87
38 489 119
38 492 116
38 494 67
38 495 25
38 496 68
38 497 7
38 498 215
38 500 15
38 501 98
38 506 76
38 507 126
38 508 7
38 509 165
38 510 17
38 511 224
39 0 66
39 1 30
39 2 30
39 4 23
39 5 601
39 6 85
39 7 742
39 9 33
39 10 38
39 13 68
39 15 212
39 16 30
39 17 770
39 18 131
39 19 81
39 20 26
39 21 44
39 22 46
39 24 32
39 25 79
39 26 20
39 27 29
39 28 128
39 30 86
39 32 123
39 33 17
39 34 79
39 35 161
39 36 59
39 37 27
39 38 97
39 39 83
39 40 24
39 42 24
39 43 66
39 44 11
39 47 5
39 49 65
39 51 39
39 52 45
39 54 476
39 55 113
39 56 10
39 57 132
39 58 33
39 59 92
39 61 10
39 63 139
39 64 137
39 66 181
39 67 35
39 69 58
39 70 67
39 72 160
39 73 26
39 74 71
39 75 264
39 76 175
39 77 68
39 79 79
39 80 57
39 81 23
39 82 17
39 83 68
39 84 172
39 86 29
39 87 59
39 89 83
39 90 152
39 91 21
39 93 56
39 94 8
39 95 111
39 96 28
39 97 46
39 98 14
39 99 117
39 101 179
39 102 147
39 103 11
39 104 54
39 105 80
39 106 56
39 107 85
39 108 102
39 109 128
39 110 137
39 111 9
39 112 118
39 113 49
39 115 105
39 117 16
39 118 69
39 120 84
39 122 83
39 123 18
39 124 128
39 125 300
39 127 158
39 128 59
39 130 229
39 131 6
39 132 73
39 133 13
39 134 121
39 135 78
39 136 35
39 137 79
39 138 220
39 139 104
39 140 35
39 141 167
39 143 956
39 144 165
39 146 13
39 147 19
39 149 74
39 152 65
39 155 140
39 156 200
39 157 11
39 158 68
39 161 82
39 163 14
39 164 192
39 165 41
39 166 11
39 167 31
39 168 45
39 171 146
39 172 72
39 173 201
39 174 19
39 175 187
39 179 66
39 180 96
39 183 34
39 185 71
39 186 114
39 187 206
39 189 148
39 190 39
39 191 16
39 194 37
39 195 99
39 196 70
39 197 13
39 198 64
39 199 68
39 204 49
39 205 972
39 206 161
39 207 73
39 208 81
39 209 110
39 210 127
39 211 26
39 212 9
39 213 30
39 215 110
39 217 18
39 218 30
39 219 40
39 220 19
39 221 218
39 222 22
39 223 122
39 225 96
39 227 33
39 228 58
39 231 50
39 233 66
39 234 12
39 235 52
39 237 146
39 238 23
39 239 9
39 240 54
39 241 23
39 242 97
39 243 115
39 244 92
39 245 69
39 246 36
39 248 18
39 250 76
39 252 449
39 253 32
39 254 81
39 255 33
39 256 102
39 257 75
39 259 68
39 260 131
39 261 117
39 262 81
39 263 6
39 265 9
39 266 57
39 267 7
39 268 14
39 269 171
39 270 176
39 271 28
39 272 5
39 274 34
39 275 19
39 277 28
39 278 8
39 279 129
39 280 86
39 282 50
39 284 144
39 285 26
39 286 20
39 288 12
39 290 13
39 291 27
39 292 24
39 293 13
39 294 126
39 295 267
39 297 13
39 299 23
39 300 4
39 301 17
39 302 20
39 303 30
39 304 17
39 306 106
39 308 537
39 309 7
39 310 41
39 311 503
39 312 26
39 313 119
39 314 375
39 315 112
39 316 10
39 317 23
39 318 63
39 319 133
39 320 197
39 323 40
39 325 383
39 326 316
39 327 115
39 328 76
39 329 95
39 330 57
39 331 157
39 335 70
39 336 15
39 337 29
39 338 3
39 339 88
39 341 27
39 342 85
39 343 131
39 345 11
39 346 32
39 350 124
39 351 121
39 352 299
39 353 18
39 354 123
39 355 108
39 356 100
39 357 39
39 358 94
39 360 10
39 361 277
39 362 209
39 363 416
39 364 16
39 367 13
39 368 13
39 369 60
39 370 78
39 371 168
39 372 78
39 374 29
39 375 55
39 376 151
39 377 77
39 378 302
39 379 14
39 380 20
39 381 23
39 383 44
39 384 15
39 388 11
39 389 119
39 390 7
39 393 20
39 394 153
39 395 591
39 398 30
39 400 81
39 402 52
39 404 17
39 405 16
39 406 98
39 407 147
39 408 207
39 409 70
39 412 211
39 414 16
39 415 137
39 417 14
39 418 45
39 419 237
39 422 8
39 423 48
39 425 203
39 426 235
39 427 17
39 428 197
39 429 349
39 430 118
39 431 14
39 433 99
39 434 318
39 435 41
39 438 75
39 441 72
39 442 93
39 444 79
39 446 83
39 447 190
39 448 140
39 449 222
39 452 233
39 453 14
39 454 31
39 455 16
39 456 12
39 457 16
39 458 195
39 459 52
39 460 125
39 461 44
39 462 143
39 463 203
39 464 164
39 465 77
39 466 312
39 468 44
39 469 51
39 470 63
39 471 174
39 472 60
39 473 111
39 474 90
39 475 336
39 477 9
39 478 6
39 479 78
39 480 100
39 482 247
39 483 12
39 484 155
39 485 55
39 486 16
39 488 18
39 489 77
39 490 430
39 491 22
39 492 86
39 494 17
39 495 52
39 497 18
39 498 19
39 500 49
39 501 25
39 502 27
39 503 90
39 504 105
39 505 73
39 506 111
39 507 4
39 508 67
39 509 132
39 511 42
40 1 24
40 3 8
40 5 136
40 9 40
40 10 30
40 11 24
40 12 37
40 13 32
40 14 56
40 17 93
40 18 18
40 20 89
40 21 43
40 22 50
40 24 208
40 26 84
40 28 206
40 29 460
40 30 95
40 31 62
40 33 65
40 34 137
40 36 81
40 38 249
40 39 31
40 40 4
40 41 29
40 42 24
40 43 89
40 44 85
40 45 92
40 46 32
40 48 67
40 50 69
40 51 178
40 52 31
40 53 204
40 54 591
40 56 258
40 57 140
40 59 26
40 60 19
40 61 130
40 64 100
40 65 128
40 66 61
40 69 126
40 70 12
40 72 113
40 73 19
40 74 10
40 75 148
40 76 10
40 77 32
40 78 201
40 79 175
40 80 85
40 81 67
40 82 32
40 83 237
40 84 39
40 85 87
40 86 342
40 87 13
40 88 53
40 90 28
40 92 10
40 93 7
40 94 84
40 96 120
40 98 90
40 99 64
40 101 108
40 102 56
40 103 90
40 104 12
40 105 144
40 106 42
40 107 15
40 109 93
40 110 132
40 111 140
40 112 120
40 113 38
40 114 53
40 115 131
40 116 554
40 118 31
40 121 92
40 123 13
40 124 50
40 132 9
40 133 10
40 134 41
40 135 98
40 136 94
40 137 26
40 138 93
40 140 6
40 142 92
40 143 9
40 144 36
40 145 49
40 146 15
40 148 56
40 149 111
40 150 237
40 151 56
40 152 63
40 153 94
40 156 90
40 157 80
40 158 238
40 159 109
40 161 22
40 162 89
40 164 18
40 165 146
40 166 50
40 167 7
40 168 89
40 170 112
40 171 16
40 172 5
40 173 239
40 175 111
40 176 5
40 177 81
40 178 374
40 179 91
40 180 14
40 181 128
40 182 41
40 183 128
40 185 27
40 187 13
40 188 122
40 189 50
40 190 222
40 191 35
40 192 22
40 193 63
40 194 44
40 195 144
40 196 91
40 197 9
40 198 55
40 199 100
40 200 41
40 201 18
40 202 102
40 203 38
40 204 35
40 205 78
40 207 75
40 210 31
40 212 56
40 214 47
40 217 232
40 218 428
40 219 22
40 221 21
40 223 107
40 224 16
40 225 9
40 226 10
40 227 39
40 229 18
40 231 178
40 232 48
40 233 163
40 234 4
40 235 25
40 236 23
40 239 167
40 240 10
40 241 42
40 242 27
40 243 62
40 244 91
40 245 14
40 246 180
40 247 62
40 248 7
40 252 78
40 254 170
40 255 16
40 256 49
40 257 61
40 258 65
40 259 209
40 261 43
40 262 95
40 263 4
40 264 211
40 265 252
40 267 197
40 268 70
40 271 3
40 272 34
40 273 671
40 274 122
40 276 6
40 277 16
40 278 47
40 279 45
40 280 16
40 281 220
40 282 39
40 283 139
40 284 8
40 285 202
40 286 80
40 287 4
40 289 17
40 290 94
40 291 31
40 292 194
40 293 205
40 294 90
40 296 24
40 297 200
40 298 110
40 299 85
40 300 157
40 301 10
40 302 155
40 303 44
40 304 93
40 305 8
40 306 282
40 307 46
40 308 131
40 309 151
40 310 143
40 312 12
40 313 299
40 316 26
40 317 50
40 319 173
40 320 6
40 321 84
40 322 68
40 323 90
40 324 6
40 326 18
40 327 29
40 328 97
40 329 218
40 330 42
40 331 119
40 332 137
40 333 124
40 334 35
40 335 23
40 336 69
40 337 102
40 338 76
40 339 40
40 340 17
40 341 187
40 342 221
40 345 18
40 346 299
40 347 6
40 348 77
40 351 59
40 352 226
40 353 7
40 354 38
40 356 98
40 359 5
40 360 68
40 361 53
40 362 133
40 363 75
40 364 195
40 365 20
40 367 132
40 368 97
40 370 11
40 372 15
40 373 6
40 374 171
40 375 49
40 377 9
40 378 642
40 381 331
40 382 86
40 387 313
40 388 373
40 389 9
40 391 116
40 393 71
40 394 72
40 396 40
40 397 39
40 400 10
40 401 56
40 402 103
40 403 133
40 404 388
40 405 113
40 406 13
40 407 34
40 408 7
40 409 224
40 410 7
40 411 77
40 412 90
40 413 29
40 414 71
40 415 10
40 416 94
40 417 325
40 418 21
40 419 82
40 420 19
40 421 199
40 422 45
40 425 17
40 427 120
40 428 200
40 429 197
40 430 97
40 431 89
40 432 109
40 433 121
40 434 12
40 435 20
40 436 61
40 439 77
40 441 10
40 443 140
40 444 148
40 445 113
40 447 10
40 449 136
40 450 24
40 451 51
40 452 131
40 453 170
40 454 141
40 455 14
40 456 91
40 457 265
40 458 78
40 459 109
40 460 37
40 461 17
40 462 23
40 463 111
40 464 49
40 466 6
40 469 513
40 470 6
40 471 24
40 472 214
40 473 94
40 475 154
40 477 10
40 478 34
40 480 19
40 482 116
40 485 8
40 487 6
40 489 288
40 491 28
40 492 173
40 493 75
40 495 124
40 497 141
40 498 6
40 499 628
40 501 327
40 502 1262
40 503 246
40 504 22
40 505 100
40 506 73
40 508 54
40 509 161
40 510 137
40 511 77
41 0 59
41 1 158
41 2 284
41 3 7
41 4 49
41 8 3
41 9 238
41 11 8
41 12 98
41 16 323
41 17 158
41 18 105
41 19 36
41 21 64
41 24 10
41 26 5
41 27 136
41 30 240
41 31 84
41 32 128
41 33 219
41 34 170
41 35 7
41 36 14
41 37 7
41 40 17
41 42 178
41 43 21
41 45 120
41 46 212
41 48 192
41 49 8
41 50 12
41 52 79
41 53 75
41 55 64
41 57 12
41 58 49
41 60 129
41 61 113
41 62 7
41 63 46
41 64 81
41 65 70
41 66 117
41 67 131
41 68 202
41 69 15
41 70 195
41 71 28
41 73 57
41 74 40
41 77 176
41 78 286
41 79 74
41 80 82
41 81 110
41 82 72
41 83 476
41 84 42
41 85 17
41 86 12
41 87 11
41 88 9
41 89 63
41 90 22
41 91 11
41 92 139
41 93 238
41 96 56
41 97 30
41 99 68
41 100 11
41 101 72
41 105 152
41 107 120
41 109 49
41 111 13
41 114 287
41 116 26
41 117 46
41 118 53
41 119 74
41 120 80
41 122 4
41 124 354
41 129 32
41 131 22
41 132 3
41 133 51
41 134 108
41 135 293
41 136 10
41 137 50
41 138 85
41 139 61
41 140 101
41 141 67
41 142 81
41 144 91
41 145 87
41 147 15
41 148 8
41 149 51
41 150 53
41 151 60
41 152 37
41 153 74
41 154 113
41 155 66
41 157 95
41 159 92
41 160 5
41 161 29
41 162 27
41 163 244
41 166 70
41 168 25
41 169 32
41 170 51
41 176 162
41 177 66
41 178 31
41 179 217
41 180 178
41 181 6
41 182 66
41 185 51
41 186 11
41 188 104
41 189 256
41 190 25
41 191 110
41 192 121
41 193 33
41 194 13
41 195 68
41 196 77
41 197 100
41 198 33
41 200 52
41 201 22
41 202 98
41 203 110
41 204 125
41 205 65
41 206 9
41 207 12
41 208 251
41 209 178
41 210 78
41 211 236
41 212 113
41 213 45
41 214 68
41 215 8
41 216 216
41 217 92
41 218 513
41 219 19
41 222 156
41 224 5
41 225 17
41 226 6
41 228 10
41 230 51
41 231 4
41 232 79
41 233 93
41 234 52
41 235 81
41 236 11
41 238 36
41 239 93
41 241 424
41 242 60
41 243 6
41 244 169
41 245 4
41 246 162
41 247 47
41 248 48
41 249 142
41 250 22
41 252 8
41 255 10
41 256 167
41 257 24
41 258 75
41 259 946
41 260 51
41 262 32
41 265 1849
41 266 48
41 269 132
41 270 196
41 272 16
41 273 40
41 275 11
41 276 63
41 277 291
41 278 33
41 279 108
41 281 48
41 282 86
41 283 224
41 284 24
41 285 46
41 287 32
41 288 117
41 289 54
41 290 11
41 291 129
41 292 400
41 293 243
41 294 226
41 295 44
41 296 115
41 299 121
41 300 259
41 301 194
41 302 15
41 303 145
41 306 39
41 307 10
41 308 41
41 311 121
41 312 254
41 313 97
41 314 259
41 316 59
41 319 43
41 320 140
41 321 17
41 323 41
41 324 59
41 325 63
41 326 37
41 327 4
41 328 500
41 329 108
41 330 39
41 331 29
41 332 104
41 333 223
41 334 366
41 335 64
41 336 87
41 337 277
41 338 198
41 339 17
41 340 62
41 341 35
41 345 23
41 346 37
41 347 176
41 348 53
41 349 82
41 350 98
41 351 22
41 352 7
41 354 10
41 356 122
41 357 4
41 358 225
41 360 97
41 362 165
41 363 9
41 365 11
41 366 8
41 367 442
41 369 141
41 370 11
41 372 12
41 374 20
41 375 101
41 376 21
41 377 36
41 380 79
41 381 148
41 382 52
41 383 61
41 384 8
41 386 674
41 387 29
41 388 97
41 389 8
41 390 60
41 391 31
41 392 110
41 393 31
41 394 20
41 395 190
41 397 37
41 398 9
41 399 23
41 400 64
41 401 6
41 402 31
41 404 112
41 405 74
41 406 178
41 407 119
41 408 27
41 409 82
41 411 155
41 412 29
41 413 176
41 414 37
41 415 7
41 416 77
41 418 326
41 419 8
41 420 214
41 421 50
41 422 32
41 423 10
41 425 42
41 426 28
41 429 23
41 430 139
41 431 107
41 432 256
41 433 72
41 435 5
41 437 77
41 439 95
41 440 160
41 441 100
41 442 22
41 445 88
41 446 110
41 447 248
41 450 10
41 451 42
41 452 34
41 453 117
41 454 9
41 455 127
41 456 36
41 459 119
41 460 29
41 461 113
41 463 6
41 464 234
41 466 111
41 468 16
41 469 7
41 470 106
41 471 47
41 472 132
41 473 180
41 475 119
41 476 32
41 477 102
41 478 41
41 479 92
41 480 37
41 481 12
41 482 450
41 483 131
41 484 34
41 485 107
41 487 9
41 488 43
41 489 6
41 490 51
41 492 324
41 494 6
41 496 141
41 498 335
41 499 14
41 500 78
41 501 66
41 502 293
41 503 141
41 504 13
41 505 32
41 506 98
41 507 16
41 508 114
41 509 42
41 510 29
41 511 65
42 0 257
42 1 94
42 2 215
42 3 69
42 5 3
42 6 5
42 7 72
42 8 15
42 11 68
42 12 143
42 13 438
42 14 152
42 16 182
42 17 11
42 18 4
42 19 60
42 20 89
42 21 2
42 22 3
42 23 13
42 24 88
42 25 12
42 29 192
42 31 18
42 32 114
42 33 223
42 34 13
42 35 321
42 37 97
42 38 46
42 39 3
42 40 135
42 50 218
42 51 51
42 52 10
42 53 95
42 54 13
42 55 118
42 56 25
42 57 3
42 58 157
42 59 161
42 60 123
42 61 2
42 62 19
42 63 176
42 64 33
42 65 13
42 66 221
42 67 44
42 68 64
42 70 59
42 71 174
42 72 48
42 73 140
42 75 188
42 76 70
42 77 318
42 78 70
42 80 5
42 82 6
42 83 586
42 84 42
42 85 5
42 87 9
42 88 43
42 91 207
42 93 70
42 94 184
42 95 35
42 97 148
42 98 92
42 99 113
42 101 46
42 102 53
42 103 104
42 105 187
42 108 170
42 110 135
42 111 7
42 112 38
42 113 63
42 115 98
42 116 174
42 117 103
42 119 5
42 120 207
42 122 68
42 123 41
42 124 8
42 126 164
42 128 60
42 129 318
42 130 4
42 131 58
42 133 90
42 134 11
42 135 1073
42 136 261
42 139 2
42 140 146
42 142 53
42 143 28
42 144 4
42 145 117
42 146 106
42 147 120
42 149 45
42 150 272
42 152 141
42 154 70
42 155 104
42 157 11
42 158 251
42 162 289
42 163 8
42 164 27
42 165 46
42 166 152
42 167 95
42 171 25
42 173 99
42 175 23
42 176 133
42 177 40
42 178 3
42 179 3
42 181 39
42 183 150
42 184 63
42 185 183
42 186 4
42 190 126
42 192 115
42 194 9
42 195 39
42 196 16
42 197 256
42 198 102
42 199 3
42 200 111
42 201 65
42 203 199
42 205 85
42 206 175
42 207 6
42 208 34
42 209 9
42 210 37
42 211 132
42 212 4
42 214 146
42 216 9
42 217 70
42 218 77
42 219 10
42 220 99
42 221 141
42 222 178
42 224 40
42 225 5
42 226 9
42 228 7
42 229 103
42 230 2
42 233 5
42 234 47
42 235 32
42 236 8
42 238 5
42 239 26
42 241 158
42 242 21
42 244 50
42 245 87
42 246 346
42 247 26
42 248 535
42 249 171
42 251 19
42 254 68
42 255 5
42 256 17
42 257 11
42 258 16
42 259 5
42 260 142
42 262 3
42 263 111
42 264 35
42 265 4
42 266 3
42 267 134
42 268 18
42 269 46
42 271 40
42 272 14
42 273 47
42 276 8
42 277 8
42 278 21
42 279 14
42 280 102
42 281 150
42 282 69
42 283 1
42 284 686
42 285 121
42 286 123
42 288 63
42 290 15
42 291 61
42 292 80
42 293 41
42 294 88
42 295 25
42 296 6
42 298 1057
42 299 181
42 300 6
42 302 16
42 303 33
42 305 43
42 306 90
42 307 9
42 308 26
42 309 8
42 311 144
42 312 133
42 313 2
42 315 79
42 316 16
42 317 6
42 318 8
42 319 1183
42 320 418
42 321 122
42 322 63
42 323 301
42 324 169
42 325 92
42 326 91
42 327 40
42 328 8
42 329 33
42 330 157
42 331 87
42 332 121
42 334 30
42 335 46
42 336 122
42 337 904
42 339 10
42 341 166
42 342 79
42 343 133
42 344 34
42 346 125
42 347 51
42 350 167
42 351 16
42 352 9
42 353 9
42 354 626
42 355 172
42 356 42
42 357 37
42 359 3
42 360 113
42 361 81
42 363 136
42 366 29
42 368 128
42 369 71
42 370 238
42 372 207
42 373 211
42 374 51
42 375 123
42 376 88
42 378 49
42 379 170
42 380 4
42 382 302
42 383 13
42 384 80
42 385 20
42 386 14
42 387 6
42 389 149
42 390 29
42 391 14
42 392 132
42 393 101
42 394 130
42 397 24
42 398 13
42 401 9
42 402 329
42 403 46
42 404 142
42 405 124
42 406 4
42 407 56
42 408 120
42 409 201
42 410 116
42 411 51
42 412 156
42 413 205
42 414 60
42 415 27
42 416 3
42 417 67
42 419 153
42 420 26
42 422 41
42 423 77
42 424 17
42 425 16
42 426 95
42 427 9
42 428 119
42 429 121
42 430 116
42 431 30
42 432 728
42 433 18
42 436 13
42 437 170
42 438 26
42 439 272
42 441 183
42 443 95
42 445 19
42 448 182
42 449 19
42 450 36
42 451 43
42 452 214
42 453 161
42 454 12
42 455 106
42 456 41
42 457 152
42 458 13
42 459 5
42 460 127
42 461 200
42 462 34
42 463 12
42 465 67
42 466 180
42 467 12
42 468 20
42 469 23
42 471 29
42 472 2
42 474 183
42 475 46
42 476 15
42 477 40
42 480 101
42 481 35
42 485 36
42 486 78
42 487 128
42 488 180
42 489 94
42 490 7
42 492 132
42 493 95
42 495 108
42 497 144
42 498 27
42 500 66
42 501 42
42 502 37
42 504 74
42 505 137
42 506 27
42 508 39
42 509 3
42 510 22
43 0 10
43 1 10
43 2 78
43 5 99
43 6 4
43 8 90
43 9 24
43 11 38
43 12 275
43 13 80
43 15 281
43 16 9
43 17 294
43 18 106
43 19 5
43 20 2
43 21 54
43 22 11
43 23 22
43 24 97
43 25 68
43 26 89
43 28 31
43 29 2
43 30 6
43 31 89
43 32 137
43 33 138
43 34 67
43 35 13
43 36 545
43 37 181
43 38 102
43 40 233
43 41 168
43 42 26
43 43 52
43 44 81
43 45 55
43 47 45
43 48 112
43 49 132
43 52 64
43 53 35
43 56 56
43 58 58
43 59 56
43 60 17
43 61 38
43 62 124
43 63 12
43 64 151
43 65 6
43 66 20
43 67 66
43 68 71
43 71 171
43 72 35
43 74 40
43 75 14
43 76 57
43 77 107
43 79 65
43 82 145
43 83 6
43 85 10
43 86 2
43 87 953
43 88 3
43 89 18
43 90 57
43 91 82
43 92 41
43 93 99
43 94 83
43 95 136
43 96 26
43 97 82
43 98 7
43 99 2
43 100 37
43 102 111
43 103 2
43 105 160
43 106 36
43 107 2
43 108 87
43 110 66
43 111 32
43 112 35
43 113 2
43 115 60
43 116 51
43 122 611
43 123 187
43 124 27
43 126 118
43 128 141
43 132 2
43 135 150
43 136 8
43 137 418
43 138 40
43 139 27
43 142 37
43 145 11
43 146 14
43 147 155
43 149 242
43 150 12
43 151 56
43 152 7
43 154 163
43 155 97
43 156 10
43 157 31
43 158 51
43 159 111
43 160 15
43 162 132
43 164 86
43 165 20
43 167 111
43 168 9
43 169 2
43 170 26
43 171 167
43 173 95
43 174 46
43 178 91
43 182 145
43 183 34
43 184 134
43 185 129
43 186 4
43 187 25
43 188 103
43 189 46
43 190 4
43 192 30
43 193 1277
43 194 195
43 195 20
43 196 597
43 197 73
43 199 87
43 200 2
43 201 14
43 203 439
43 205 42
43 206 366
43 208 30
43 209 61
43 210 13
43 211 6
43 212 58
43 213 76
43 214 3
43 215 16
43 216 12
43 218 64
43 219 11
43 220 102
43 222 535
43 223 5
43 224 30
43 225 354
43 226 112
43 228 97
43 229 5
43 230 255
43 231 4
43 233 2
43 234 225
43 235 370
43 236 33
43 237 315
43 239 719
43 240 101
43 241 4
43 243 79
43 244 126
43 245 5
43 246 62
43 247 105
43 248 1
43 250 3
43 251 87
43 252 5
43 254 49
43 256 108
43 257 15
43 258 12
43 261 14
43 262 286
43 263 221
43 264 25
43 265 36
43 267 38
43 268 30
43 270 28
43 271 14
43 272 6
43 273 32
43 278 6
43 279 1106
43 280 122
43 282 31
43 283 3
43 284 57
43 287 5
43 288 50
43 289 15
43 290 226
43 292 24
43 293 12
43 294 33
43 296 17
43 297 3
43 298 2
43 299 75
43 300 95
43 301 16
43 303 3
43 304 76
43 305 166
43 308 4
43 309 8
43 310 263
43 311 138
43 313 113
43 314 59
43 315 57
43 316 40
43 320 28
43 321 63
43 322 128
43 323 186
43 324 13
43 325 6
43 326 6
43 327 185
43 332 76
43 333 305
43 335 18
43 336 857
43 339 74
43 341 24
43 342 81
43 344 34
43 346 82
43 347 8
43 348 87
43 349 412
43 350 23
43 351 2
43 352 13
43 354 196
43 355 50
43 356 83
43 357 57
43 358 11
43 359 820
43 360 2
43 361 12
43 363 59
43 364 121
43 365 115
43 366 5
43 367 9
43 368 1
43 370 85
43 371 116
43 372 117
43 373 63
43 374 6
43 375 97
43 376 87
43 377 320
43 379 5
43 382 6
43 383 1
43 384 7
43 385 276
43 387 9
43 388 83
43 389 90
43 390 109
43 391 2
43 392 95
43 394 4
43 395 621
43 396 81
43 397 225
43 399 173
43 400 123
43 401 88
43 403 12
43 404 301
43 406 41
43 407 98
43 408 2
43 409 3
43 411 62
43 414 28
43 416 14
43 417 38
43 418 7
43 419 180
43 421 138
43 422 38
43 423 41
43 425 9
43 427 208
43 428 9
43 429 43
43 430 38
43 431 128
43 433 81
43 434 116
43 435 19
43 436 310
43 437 7
43 439 68
43 441 300
43 442 181
43 443 15
43 444 119
43 445 43
43 447 83
43 450 20
43 451 50
43 452 11
43 453 19
43 454 139
43 456 11
43 458 25
43 459 11
43 462 37
43 463 2
43 464 246
43 465 32
43 466 52
43 467 4
43 468 426
43 469 218
43 470 117
43 471 93
43 472 8
43 473 6
43 474 54
43 475 7
43 476 313
43 477 9
43 478 193
43 479 48
43 481 154
43 482 6
43 483 2
43 485 70
43 486 31
43 487 16
43 488 86
43 489 7
43 490 172
43 491 37
43 492 110
43 493 146
43 494 86
43 495 35
43 496 5
43 497 24
43 498 4
43 499 914
43 501 120
43 502 125
43 504 149
43 505 108
43 506 50
43 507 211
43 508 4
43 509 116
43 510 350
43 511 10
44 1 104
44 2 69
44 4 103
44 5 34
44 6 7
44 7 96
44 9 90
44 12 13
44 13 39
44 14 257
44 17 14
44 19 81
44 20 154
44 22 5
44 23 5
44 24 71
44 25 34
44 26 228
44 27 143
44 28 124
44 29 84
44 31 52
44 33 112
44 34 11
44 35 335
44 36 4
44 38 18
44 39 16
44 41 88
44 42 3
44 43 29
44 44 118
44 47 440
44 50 30
44 51 38
44 52 15
44 53 6
44 54 6
44 55 4
44 56 138
44 57 304
44 58 4
44 59 64
44 60 102
44 61 137
44 62 9
44 63 23
44 65 93
44 66 149
44 67 676
44 68 15
44 69 56
44 71 425
44 73 88
44 74 2
44 75 63
44 76 4
44 77 59
44 78 186
44 80 25
44 81 109
44 82 97
44 83 68
44 84 32
44 85 21
44 88 17
44 89 648
44 91 9
44 92 21
44 93 139
44 95 6
44 96 47
44 99 4
44 100 37
44 102 64
44 104 184
44 105 191
44 107 322
44 108 8
44 109 53
44 110 22
44 113 139
44 114 108
44 115 5
44 116 155
44 117 61
44 118 249
44 119 6
44 120 103
44 121 127
44 123 179
44 124 73
44 125 2
44 127 8
44 129 321
44 131 139
44 132 110
44 133 136
44 134 61
44 135 277
44 136 23
44 137 61
44 138 20
44 139 300
44 140 177
44 141 59
44 142 75
44 143 3
44 144 7
44 146 4
44 147 4
44 148 61
44 150 13
44 151 88
44 152 81
44 155 130
44 156 128
44 157 4
44 158 225
44 161 147
44 162 83
44 165 107
44 166 5
44 168 405
44 169 138
44 170 125
44 171 36
44 172 17
44 173 15
44 174 35
44 175 6
44 176 114
44 177 8
44 178 4
44 179 133
44 180 56
44 181 91
44 182 60
44 183 10
44 185 42
44 186 11
44 187 167
44 188 323
44 189 73
44 190 99
44 192 40
44 195 135
44 196 770
44 198 31
44 199 3
44 200 64
44 201 1
44 203 7
44 204 174
44 205 17
44 207 54
44 208 2
44 210 62
44 211 12
44 212 19
44 214 94
44 215 26
44 216 33
44 217 363
44 221 655
44 222 59
44 224 150
44 226 221
44 227 114
44 228 58
44 229 56
44 231 46
44 234 86
44 235 16
44 236 179
44 238 7
44 239 3
44 240 5
44 241 22
44 242 192
44 244 34
44 245 42
44 246 42
44 247 133
44 248 23
44 249 31
44 251 319
44 252 95
44 253 36
44 254 89
44 255 127
44 256 74
44 257 25
44 258 16
44 259 83
44 260 36
44 262 84
44 263 47
44 264 147
44 265 189
44 266 39
44 268 312
44 269 18
44 270 85
44 272 13
44 273 3
44 275 25
44 276 5
44 279 5
44 280 3
44 281 2
44 282 101
44 283 96
44 284 8
44 286 72
44 287 23
44 288 82
44 290 951
44 291 98
44 292 165
44 293 14
44 294 20
44 297 117
44 300 13
44 301 2
44 302 31
44 304 2
44 305 66
44 306 47
44 308 45
44 309 6
44 310 82
44 311 30
44 314 126
44 315 183
44 316 219
44 318 185
44 319 65
44 320 3
44 321 16
44 322 131
44 323 5
44 324 57
44 325 27
44 326 162
44 327 280
44 328 42
44 329 8
44 330 925
44 333 130
44 334 69
44 337 62
44 338 138
44 339 252
44 343 15
44 344 238
44 345 14
44 346 4
44 347 157
44 348 113
44 349 254
44 350 7
44 352 72
44 353 63
44 354 51
44 355 9
44 356 119
44 357 132
44 358 125
44 361 11
44 362 125
44 363 47
44 364 1178
44 366 80
44 368 38
44 370 53
44 371 355
44 373 85
44 374 3
44 375 1
44 376 3
44 377 22
44 378 6
44 379 97
44 380 3
44 381 98
44 382 21
44 384 15
44 386 104
44 387 4
44 388 122
44 389 22
44 390 50
44 391 107
44 392 115
44 393 54
44 395 3
44 396 7
44 397 2
44 398 3
44 399 180
44 400 19
44 405 42
44 407 98
44 409 75
44 411 68
44 413 78
44 414 19
44 415 855
44 416 10
44 417 61
44 418 91
44 419 4
44 420 224
44 421 45
44 422 4
44 423 111
44 424 88
44 425 14
44 426 221
44 428 161
44 429 445
44 431 32
44 432 22
44 433 4
44 435 3
44 438 161
44 439 445
44 440 95
44 442 9
44 443 120
44 445 239
44 446 4
44 447 43
44 449 12
44 450 54
44 451 137
44 452 13
44 453 831
44 454 169
44 455 12
44 457 61
44 458 10
44 459 187
44 460 73
44 461 14
44 462 242
44 464 135
44 465 143
44 466 108
44 467 1
44 468 100
44 469 17
44 470 27
44 471 311
44 472 18
44 473 84
44 474 30
44 475 6
44 476 38
44 477 95
44 478 12
44 479 68
44 480 38
44 481 324
44 482 55
44 484 8
44 487 2
44 489 24
44 492 87
44 495 55
44 496 94
44 497 209
44 498 247
44 499 79
44 501 175
44 504 130
44 505 42
44 506 43
44 507 2
44 508 84
44 509 8
44 510 23
44 511 11
45 1 16
45 2 9
45 3 47
45 5 51
45 6 60
45 8 115
45 9 25
45 12 6
45 13 10
45 15 17
45 17 314
45 18 87
45 19 85
45 21 716
45 22 137
45 23 947
45 24 3
45 25 97
45 26 4
45 27 288
45 29 6
45 31 14
45 32 6
45 33 74
45 34 46
45 35 22
45 36 104
45 38 2
45 40 124
45 41 301
45 42 28
45 43 6
45 44 55
45 45 23
45 46 185
45 47 158
45 48 37
45 51 183
45 53 129
45 54 1122
45 55 38
45 56 8
45 57 104
45 59 8
45 60 1912
45 61 3
45 62 405
45 63 133
45 64 108
45 65 70
45 66 6
45 67 84
45 68 139
45 71 16
45 72 187
45 73 27
45 74 397
45 75 103
45 76 9
45 78 16
45 79 222
45 81 21
45 82 236
45 85 165
45 86 23
45 87 21
45 88 445
45 89 280
45 90 53
45 91 28
45 92 12
45 94 14
45 95 146
45 96 11
45 97 34
45 98 36
45 99 30
45 101 197
45 102 38
45 104 175
45 106 3
45 107 115
45 108 6
45 109 106
45 110 10
45 111 83
45 116 86
45 117 11
45 118 56
45 119 124
45 120 143
45 121 14
45 123 8
45 124 11
45 125 41
45 126 20
45 127 28
45 128 8
45 129 125
45 130 60
45 131 8
45 132 2
45 133 2
45 134 32
45 135 284
45 136 201
45 138 39
45 139 7
45 140 2
45 141 51
45 142 26
45 143 12
45 144 120
45 146 53
45 147 74
45 149 102
45 151 10
45 152 265
45 153 1
45 154 96
45 155 143
45 156 178
45 157 105
45 159 86
45 161 80
45 162 25
45 163 77
45 165 9
45 167 81
45 168 101
45 169 10
45 170 257
45 172 8
45 173 60
45 174 14
45 175 156
45 176 7
45 177 71
45 179 23
45 181 4
45 182 151
45 183 1081
45 184 2
45 185 7
45 186 25
45 188 126
45 190 98
45 191 250
45 192 6
45 193 121
45 194 19
45 195 59
45 196 230
45 198 415
45 199 149
45 200 1
45 202 4
45 203 63
45 204 118
45 205 10
45 207 221
45 208 28
45 209 773
45 210 12
45 211 3
45 212 27
45 213 78
45 214 11
45 215 124
45 216 20
45 219 73
45 221 64
45 222 23
45 223 4
45 225 14
45 226 6
45 227 47
45 229 106
45 231 8
45 232 357
45 233 17
45 234 12
45 235 93
45 237 18
45 238 69
45 239 937
45 240 15
45 242 90
45 243 115
45 244 79
45 245 65
45 246 9
45 247 84
45 249 12
45 250 35
45 251 111
45 252 2
45 253 92
45 254 190
45 256 43
45 257 9
45 261 99
45 263 25
45 264 143
45 265 3
45 266 5
45 267 310
45 269 94
45 270 69
45 271 27
45 272 3
45 273 48
45 274 124
45 275 96
45 276 12
45 277 95
45 278 25
45 279 15
45 280 72
45 281 80
45 282 142
45 283 18
45 285 16
45 287 21
45 288 72
45 289 67
45 290 70
45 291 2
45 292 78
45 294 67
45 298 22
45 299 207
45 300 77
45 301 121
45 302 33
45 303 8
45 304 215
45 306 132
45 309 12
45 311 141
45 312 6
45 313 146
45 314 5
45 315 8
45 316 138
45 317 8
45 318 185
45 320 92
45 321 102
45 323 35
45 324 33
45 325 8
45 326 24
45 327 38
45 329 8
45 332 5
45 333 30
45 334 4
45 335 9
45 336 7
45 341 4
45 342 13
45 343 102
45 344 7
45 345 221
45 346 14
45 347 284
45 348 33
45 349 127
45 350 25
45 351 46
45 352 53
45 353 34
45 354 54
45 355 68
45 356 40
45 357 2
45 358 84
45 359 62
45 360 53
45 361 5
45 362 47
45 364 26
45 365 60
45 366 640
45 367 31
45 370 79
45 371 28
45 373 64
45 375 132
45 376 108
45 377 100
45 378 24
45 379 18
45 380 129
45 381 16
45 382 4
45 383 47
45 390 101
45 391 10
45 392 29
45 393 22
45 394 44
45 395 236
45 396 43
45 399 32
45 400 4
45 401 11
45 402 61
45 404 95
45 405 3
45 406 152
45 407 90
45 410 35
45 412 202
45 413 29
45 414 44
45 415 9
45 417 143
45 419 114
45 420 167
45 421 7
45 422 182
45 423 82
45 424 37
45 427 175
45 428 93
45 429 62
45 431 105
45 432 39
45 434 40
45 435 83
45 436 40
45 438 149
45 440 31
45 442 270
45 443 21
45 444 8
45 445 277
45 449 10
45 450 121
45 451 695
45 452 13
45 453 65
45 456 26
45 457 24
45 458 24
45 459 9
45 461 7
45 462 104
45 464 19
45 465 46
45 466 2
45 467 99
45 468 101
45 469 156
45 470 2
45 472 41
45 473 5
45 474 84
45 475 232
45 477 4
45 478 138
45 479 5
45 480 9
45 483 172
45 484 9
45 485 74
45 486 103
45 487 311
45 489 17
45 490 23
45 494 71
45 495 148
45 496 577
45 497 10
45 498 15
45 499 67
45 501 115
45 503 1171
45 504 106
45 508 200
45 509 23
45 510 117
46 0 1200
46 1 54
46 2 3
46 6 140
46 7 271
46 8 178
46 9 190
46 10 20
46 11 63
46 12 44
46 13 80
46 14 917
46 16 5
46 18 28
46 21 93
46 22 146
46 25 144
46 26 95
46 27 35
46 28 54
46 29 3
46 30 812
46 32 27
46 34 268
46 35 20
46 36 93
46 37 65
46 39 142
46 41 284
46 43 72
46 44 65
46 45 43
46 46 36
46 47 35
46 48 6
46 49 22
46 50 7
46 51 31
46 52 4
46 53 11
46 54 34
46 55 101
46 58 61
46 61 82
46 63 13
46 66 78
46 68 6
46 69 24
46 71 42
46 72 53
46 73 100
46 74 60
46 75 116
46 78 10
46 79 116
46 80 1229
46 81 6
46 82 8
46 83 31
46 84 78
46 85 289
46 86 76
46 87 21
46 88 127
46 89 1587
46 90 19
46 91 111
46 92 128
46 93 5
46 94 63
46 95 2
46 96 7
46 97 11
46 98 22
46 99 11
46 100 33
46 101 240
46 102 45
46 104 1
46 106 6
46 107 55
46 108 75
46 110 156
46 111 15
46 112 52
46 113 25
46 114 7
46 115 61
46 116 21
46 117 135
46 118 3
46 119 4
46 120 9
46 121 2
46 122 101
46 123 121
46 124 129
46 125 80
46 126 46
46 127 109
46 129 381
46 131 8
46 132 3
46 134 145
46 136 8
46 137 76
46 138 191
46 139 98
46 141 8
46 142 22
46 144 92
46 145 97
46 146 35
46 147 27
46 148 24
46 149 96
46 150 28
46 151 137
46 153 3
46 154 22
46 155 68
46 156 8
46 157 34
46 158 29
46 160 77
46 161 10
46 162 17
46 163 7
46 165 42
46 166 2
46 167 9
46 168 31
46 169 263
46 170 53
46 172 264
46 173 151
46 174 30
46 175 82
46 177 7
46 180 88
46 181 12
46 182 167
46 183 12
46 184 210
46 185 231
46 187 11
46 189 3
46 192 468
46 193 41
46 194 107
46 195 20
46 196 10
46 198 73
46 200 150
46 201 30
46 207 23
46 208 77
46 209 3
46 210 29
46 211 14
46 212 147
46 213 78
46 214 14
46 215 12
46 216 63
46 217 34
46 218 111
46 219 20
46 220 7
46 221 57
46 222 90
46 223 179
46 224 23
46 225 24
46 227 108
46 228 191
46 229 179
46 230 122
46 231 4
46 232 94
46 233 86
46 234 112
46 235 185
46 236 3
46 237 3
46 238 70
46 240 16
46 241 48
46 242 78
46 243 27
46 244 1485
46 245 39
46 247 1190
46 248 80
46 249 70
46 250 13
46 251 47
46 253 78
46 254 76
46 255 192
46 256 16
46 257 4
46 260 71
46 261 60
46 262 14
46 263 119
46 264 9
46 265 5
46 266 153
46 267 54
46 268 97
46 269 46
46 270 39
46 271 323
46 272 77
46 274 189
46 275 39
46 276 236
46 277 7
46 278 85
46 280 174
46 281 95
46 282 435
46 284 166
46 285 137
46 286 217
46 287 9
46 291 42
46 292 18
46 293 82
46 294 3
46 295 181
46 296 49
46 297 55
46 298 86
46 299 34
46 301 31
46 304 72
46 305 6
46 307 5
46 308 58
46 309 54
46 310 25
46 311 162
46 312 50
46 313 16
46 314 43
46 319 17
46 320 308
46 322 44
46 323 34
46 325 92
46 328 54
46 329 42
46 330 5
46 331 7
46 332 7
46 333 2
46 335 76
46 336 33
46 338 43
46 340 27
46 341 44
46 342 150
46 343 6
46 346 4
46 347 96
46 348 132
46 349 122
46 351 13
46 353 172
46 355 45
46 358 108
46 360 141
46 361 15
46 364 6
46 365 108
46 369 103
46 370 48
46 371 95
46 372 124
46 373 61
46 374 32
46 375 19
46 376 198
46 377 67
46 378 5
46 381 19
46 382 21
46 383 8
46 385 8
46 386 343
46 387 297
46 388 79
46 389 23
46 390 40
46 391 21
46 393 67
46 394 6
46 395 7
46 397 173
46 398 539
46 399 3
46 401 74
46 402 27
46 403 122
46 404 55
46 405 25
46 406 196
46 407 103
46 409 64
46 412 162
46 413 57
46 414 37
46 415 8
46 416 7
46 418 92
46 419 38
46 424 16
46 425 12
46 427 2
46 429 59
46 430 9
46 431 199
46 432 30
46 433 120
46 434 80
46 435 53
46 436 2
46 437 168
46 438 39
46 439 229
46 440 22
46 442 209
46 443 37
46 444 13
46 445 64
46 446 230
46 448 3
46 449 114
46 450 22
46 451 63
46 452 5
46 453 4
46 454 15
46 455 9
46 456 24
46 457 36
46 458 55
46 459 275
46 460 123
46 461 133
46 464 620
46 467 546
46 468 45
46 469 3
46 471 5
46 474 5
46 475 44
46 476 26
46 477 169
46 479 7
46 481 94
46 482 10
46 483 32
46 484 11
46 485 102
46 486 9
46 488 58
46 490 5
46 491 481
46 492 4
46 493 174
46 494 2
46 496 646
46 498 25
46 499 124
46 501 306
46 502 60
46 503 3
46 504 13
46 505 484
46 507 40
46 511 8
47 0 35
47 1 53
47 2 150
47 3 124
47 4 231
47 5 88
47 6 49
47 8 65
47 9 68
47 10 714
47 11 75
47 12 62
47 15 7
47 16 99
47 17 504
47 18 102
47 19 2
47 20 12
47 22 20
47 25 36
47 28 120
47 29 176
47 30 27
47 31 31
47 32 322
47 33 98
47 34 155
47 35 29
47 36 71
47 37 79
47 39 92
47 40 14
47 41 27
47 42 15
47 46 126
47 47 76
47 49 72
47 50 70
47 53 177
47 54 157
47 60 48
47 61 15
47 62 121
47 63 28
47 64 50
47 66 68
47 67 41
47 68 107
47 71 257
47 73 121
47 74 83
47 75 244
47 76 45
47 77 12
47 78 67
47 79 146
47 80 73
47 81 95
47 82 219
47 87 132
47 88 62
47 89 20
47 91 250
47 92 9
47 93 69
47 96 6
47 97 116
47 98 96
47 99 223
47 100 68
47 101 16
47 102 63
47 104 17
47 105 10
47 109 229
47 110 21
47 111 82
47 112 5
47 114 104
47 115 127
47 117 113
47 118 92
47 119 130
47 120 212
47 123 43
47 124 81
47 125 98
47 126 71
47 127 38
47 128 304
47 129 362
47 132 170
47 133 17
47 134 142
47 136 169
47 138 21
47 139 92
47 140 142
47 142 25
47 143 41
47 144 57
47 146 50
47 147 6
47 149 99
47 150 449
47 151 25
47 152 74
47 153 90
47 154 35
47 155 121
47 156 78
47 157 38
47 158 51
47 160 118
47 161 15
47 162 5
47 164 210
47 168 35
47 169 86
47 170 52
47 171 89
47 172 41
47 174 12
47 175 97
47 177 46
47 179 214
47 180 86
47 181 39
47 183 190
47 184 79
47 185 225
47 186 277
47 191 183
47 192 263
47 194 85
47 195 193
47 196 39
47 197 30
47 198 119
47 199 43
47 200 11
47 201 107
47 202 124
47 203 192
47 206 23
47 207 150
47 209 631
47 210 113
47 211 45
47 212 40
47 213 141
47 215 166
47 217 18
47 218 231
47 219 12
47 220 133
47 221 48
47 222 44
47 223 47
47 224 459
47 225 47
47 226 110
47 227 47
47 228 44
47 230 42
47 231 12
47 232 64
47 233 192
47 234 245
47 235 195
47 237 16
47 238 89
47 241 150
47 242 58
47 243 54
47 244 39
47 245 122
47 246 163
47 247 11
47 248 153
47 249 91
47 250 68
47 252 253
47 254 178
47 255 138
47 256 233
47 258 44
47 259 86
47 260 57
47 261 80
47 262 34
47 263 22
47 264 108
47 267 70
47 268 150
47 269 174
47 270 16
47 272 219
47 273 132
47 274 92
47 275 13
47 277 62
47 278 42
47 279 73
47 280 59
47 281 98
47 282 159
47 283 75
47 284 209
47 285 113
47 286 10
47 288 157
47 290 24
47 292 30
47 293 34
47 294 111
47 295 65
47 296 94
47 297 47
47 299 92
47 300 227
47 301 21
47 302 303
47 303 19
47 305 114
47 307 40
47 308 108
47 309 9
47 310 83
47 311 15
47 312 5
47 315 47
47 316 547
47 317 21
47 318 6
47 319 177
47 320 211
47 321 36
47 324 334
47 325 8
47 326 107
47 327 53
47 329 841
47 330 39
47 331 17
47 332 159
47 334 20
47 335 9
47 336 56
47 338 45
47 339 35
47 340 176
47 341 12
47 343 28
47 344 144
47 345 57
47 348 144
47 349 181
47 350 48
47 351 8
47 352 73
47 353 587
47 355 40
47 357 63
47 358 72
47 359 64
47 360 58
47 361 87
47 362 17
47 363 81
47 364 486
47 365 12
47 366 295
47 367 59
47 368 43
47 371 61
47 373 240
47 374 150
47 375 38
47 376 18
47 377 36
47 378 331
47 379 12
47 380 49
47 381 24
47 382 134
47 383 73
47 385 275
47 386 60
47 388 5
47 389 62
47 390 12
47 391 36
47 393 73
47 394 14
47 396 23
47 398 43
47 399 16
47 401 32
47 402 954
47 403 26
47 404 26
47 405 78
47 406 19
47 407 114
47 408 300
47 409 22
47 410 160
47 411 118
47 412 129
47 413 7
47 414 23
47 416 6
47 417 18
47 418 29
47 419 9
47 420 107
47 423 68
47 424 11
47 425 30
47 426 229
47 427 100
47 428 33
47 429 36
47 431 82
47 432 9
47 433 7
47 434 110
47 437 59
47 438 31
47 440 9
47 441 89
47 442 59
47 443 68
47 445 24
47 447 81
47 448 31
47 449 11
47 450 48
47 451 13
47 452 4
47 454 72
47 456 17
47 458 50
47 460 45
47 461 126
47 462 38
47 464 27
47 466 25
47 467 115
47 468 61
47 469 124
47 470 166
47 471 76
47 472 313
47 473 43
47 475 12
47 476 15
47 478 264
47 481 84
47 482 10
47 483 12
47 484 304
47 486 71
47 487 153
47 488 13
47 489 11
47 490 236
47 491 124
47 492 24
47 493 7
47 494 5
47 495 31
47 496 73
47 497 56
47 498 141
47 499 16
47 500 22
47 502 19
47 504 128
47 506 46
47 509 61
47 510 11
47 511 72
